SYMBOL,SECTOR,LISTED IN,LDCP,OPEN,HIGH,LOW,CURRENT,CHANGE,CHANGE (%),VOLUME
CNERGY,825,"ALLSHR,KMIALLSHR,KSE100,KSE100PR",10.05,10.05,10.09,9.6,9.68,-0.37,-0.0368,84544902
KEL,824,"ALLSHR,KMIALLSHR,KSE100,KSE100PR,MII30",7.93,7.8,7.85,7.45,7.52,-0.41,-0.0517,43532090
WTL,828,ALLSHR,1.28,1.28,1.28,1.22,1.23,-0.05,-0.0391,43315841
BOP,807,"ALLSHR,BKTI,JSGBKTI,KSE100,KSE100PR,KSE30,PSXDIV20",35.29,34.98,34.98,32.75,33.05,-2.24,-0.0635,37179484
MLCF,804,"ACI,ALLSHR,JSMFI,KMI30,KMIALLSHR,KSE100,KSE100PR,KSE30,MII30,MZNPI",100.94,98.51,98.9,93.0,93.32,-7.62,-0.0755,27034381
BLUEX,833,"ALLSHR,KMIALLSHR",8.6,8.5,8.5,7.6,7.64,-0.96,-0.1116,26231254
FNEL,813,ALLSHR,1.26,1.24,1.24,1.2,1.2,-0.06,-0.0476,26144115
PIBTL,833,"ALLSHR,KMIALLSHR,KSE100,KSE100PR",17.59,17.25,17.3,16.21,16.45,-1.14,-0.0648,24959884
PRL,825,"ALLSHR,KMI30,KMIALLSHR",42.73,42.4,43.2,41.6,42.05,-0.68,-0.0159,21640695
TPLP,838,ALLSHR,11.75,11.45,12.14,10.62,11.03,-0.72,-0.0613,21097518
AGHA,808,ALLSHR,8.0,8.12,8.35,7.9,8.01,0.01,0.0013,19248473
TPL,828,ALLSHR,16.55,16.49,16.55,14.9,15.65,-0.9,-0.0544,15185917
LOTCHEM,805,"ALLSHR,KMIALLSHR,KSE100,KSE100PR",31.63,31.3,31.4,30.1,30.34,-1.29,-0.0408,14499201
PAEL,803,"ALLSHR,KMI30,KMIALLSHR,KSE100,KSE100PR,KSE30,MII30",43.91,42.6,43.0,40.8,41.06,-2.85,-0.0649,13529104
LSECL,813,ALLSHR,7.15,7.09,7.32,6.65,6.77,-0.38,-0.0531,13297697
TSBL,813,ALLSHR,2.0,1.95,2.02,1.88,1.94,-0.06,-0.03,11674936
FCCL,804,"ACI,ALLSHR,KMI30,KMIALLSHR,KSE100,KSE100PR,KSE30,MII30",54.22,53.45,53.45,50.5,50.91,-3.31,-0.061,11411790
KOSM,830,ALLSHR,5.94,5.91,5.91,5.4,5.47,-0.47,-0.0791,11156803
SLM,802,"ALLSHR,KMIALLSHR",25.0,25.0,25.0,23.69,23.99,-1.01,-0.0404,10450338
HASCOL,821,ALLSHR,20.14,19.9,19.9,18.8,18.86,-1.28,-0.0636,10377462
SPSL,821,"ALLSHR,KMIALLSHR",18.85,18.44,18.7,17.9,17.98,-0.87,-0.0461,10091924
THCCL,804,"ALLSHR,JSMFI,KMIALLSHR",71.14,69.99,69.99,64.11,64.73,-6.41,-0.0901,9264611
TELE,828,"ALLSHR,KMIALLSHR",9.31,9.13,9.25,8.57,8.63,-0.68,-0.073,9015648
PIAHCLA,813,"ALLSHR,JSMFI",29.69,28.55,29.44,27.21,27.64,-2.05,-0.069,8800021
PACE,838,ALLSHR,11.23,11.02,11.2,10.16,10.41,-0.82,-0.073,8726044
OGDC,820,"ALLSHR,KMI30,KMIALLSHR,KSE100,KSE100PR,KSE30,MII30,MZNPI,NBPPGI,NITPGI,OGTI",331.59,330.2,331.1,318.07,319.5,-12.09,-0.0365,8454967
SSGC,821,"ALLSHR,JSMFI,KMI30,KMIALLSHR,KSE100,KSE100PR,KSE30",30.69,29.99,29.99,28.1,28.38,-2.31,-0.0753,8280711
TPLRF1,836,"ALLSHR,KMIALLSHR,KSE100,KSE100PR",9.96,9.85,9.85,9.33,9.41,-0.55,-0.0552,7915640
DGKC,804,"ACI,ALLSHR,JSMFI,KMI30,KMIALLSHR,KSE100,KSE100PR,KSE30,MII30,MZNPI",217.3,213.0,213.6,202.5,204.01,-13.29,-0.0612,7776641
PPL,820,"ALLSHR,KMI30,KMIALLSHR,KSE100,KSE100PR,KSE30,MII30,MZNPI,NBPPGI,NITPGI,OGTI",232.42,228.0,230.0,221.8,222.58,-9.84,-0.0423,7341810
JSMFETF,837,,10.56,10.5,10.5,9.83,9.9,-0.66,-0.0625,7150500
AKBL,807,"ALLSHR,KSE100,KSE100PR",111.38,110.0,110.0,101.51,102.86,-8.52,-0.0765,6824954
WAVESAPP,803,ALLSHR,8.66,8.64,8.64,8.15,8.24,-0.42,-0.0485,6793677
PSX,813,"ALLSHR,JSMFI,KSE100,KSE100PR",53.38,52.01,52.8,50.13,50.49,-2.89,-0.0541,6718533
PTC,828,"ALLSHR,KSE100,KSE100PR",69.9,69.0,69.0,66.2,67.11,-2.79,-0.0399,6610253
MZNPETF,837,,17.98,17.98,17.98,17.26,17.32,-0.66,-0.0367,6518000
CLOV,810,"ALLSHR,KMIALLSHR",7.98,8.0,8.0,7.51,7.58,-0.4,-0.0501,6160200
NBP,807,"ALLSHR,BKTI,JSGBKTI,KSE100,KSE100PR,KSE30,NBPPGI,PSXDIV20",205.26,202.99,202.99,195.06,195.83,-9.43,-0.0459,5978437
GCIL,805,"ALLSHR,KMIALLSHR",36.54,36.21,36.21,34.52,35.03,-1.51,-0.0413,5738372
UNITY,810,"ALLSHR,KMIALLSHR",10.05,9.93,9.93,9.55,9.6,-0.45,-0.0448,5370887
FFL,810,"ACI,ALLSHR,KMI30,KMIALLSHR,KSE100,KSE100PR",17.28,17.01,17.17,16.5,16.56,-0.72,-0.0417,5346796
HUBC,824,"ALLSHR,KMI30,KMIALLSHR,KSE100,KSE100PR,KSE30,MII30,MZNPI,NBPPGI,NITPGI,PSXDIV20,UPP9",222.78,220.12,221.89,215.26,216.43,-6.35,-0.0285,5244923
BECO,808,"ALLSHR,KMIALLSHR",5.38,5.34,5.4,5.15,5.18,-0.2,-0.0372,5230429
ENGROH,813,"ALLSHR,KMI30,KMIALLSHR,KSE100,KSE100PR,KSE30,MII30,MZNPI,NBPPGI,NITPGI,UPP9",277.35,274.03,275.0,263.6,265.45,-11.9,-0.0429,4984992
SNBL,807,ALLSHR,25.57,24.85,25.3,23.7,23.85,-1.72,-0.0673,4780275
SBL,807,ALLSHR,13.5,13.0,13.37,12.57,13.07,-0.43,-0.0319,4760068
NCPL,824,ALLSHR,58.97,57.57,57.99,53.4,53.82,-5.15,-0.0873,4733107
BGL,811,ALLSHR,12.87,12.79,13.15,11.79,11.96,-0.91,-0.0707,4612801
SNGP,821,"ACI,ALLSHR,JSMFI,KMI30,KMIALLSHR,KSE100,KSE100PR,KSE30,MII30",110.77,109.5,109.5,102.75,104.5,-6.27,-0.0566,4565479
BAFL,807,"ALLSHR,BKTI,JSGBKTI,KSE100,KSE100PR,PSXDIV20",58.1,57.55,57.8,56.01,56.39,-1.71,-0.0294,4534448
GTYR,802,"ALLSHR,KMIALLSHR",31.98,31.95,35.18,31.01,35.18,3.2,0.1001,4302087
GGL,805,"ALLSHR,KMIALLSHR",24.68,24.01,24.44,22.7,22.77,-1.91,-0.0774,4182411
BNL,810,"ALLSHR,KMIALLSHR",6.97,6.7,6.89,6.6,6.66,-0.31,-0.0445,4141540
SLGL,833,"ALLSHR,KMIALLSHR",17.04,16.65,16.77,15.7,15.83,-1.21,-0.071,4126387
JSBL,807,ALLSHR,14.89,14.27,14.5,13.52,13.7,-1.19,-0.0799,3999255
LSEVL,813,ALLSHR,13.64,13.47,13.7,12.32,12.61,-1.03,-0.0755,3944196
TBL,802,ALLSHR,10.41,10.15,10.25,9.75,9.83,-0.58,-0.0557,3781164
TRG,828,"ALLSHR,KSE100,KSE100PR",64.07,63.1,63.5,57.66,58.81,-5.26,-0.0821,3691786
SELECT,828,"ALLSHR,KMIALLSHR",31.59,30.51,30.9,28.6,28.8,-2.79,-0.0883,3641129
SHNI,812,ALLSHR,9.75,9.48,10.19,8.75,9.38,-0.37,-0.0379,3495568
DFSM,830,"ALLSHR,KMIALLSHR",21.01,20.85,20.85,18.91,18.91,-2.1,-0.0999,3447560
SYM,828,"ALLSHR,KMIALLSHR",11.63,11.41,11.54,11.11,11.4,-0.23,-0.0198,3164630
PSO,821,"ACI,ALLSHR,KMI30,KMIALLSHR,KSE100,KSE100PR,KSE30,MII30,MZNPI",356.66,355.44,355.44,345.05,346.59,-10.07,-0.0282,3052818
AHCL,809,"ALLSHR,KSE100,KSE100PR,PSXDIV20",15.5,15.0,15.35,14.75,14.85,-0.65,-0.0419,2945981
DCL,804,"ALLSHR,KMIALLSHR",11.62,11.45,11.55,10.76,11.0,-0.62,-0.0534,2930840
TREET,810,"ALLSHR,KMI30,KMIALLSHR",24.24,23.99,23.99,22.76,22.85,-1.39,-0.0573,2881594
UBL,807,"ALLSHR,BKTI,JSGBKTI,KSE100,KSE100PR,KSE30,NBPPGI,NITPGI,PSXDIV20,UPP9",476.41,470.05,472.49,451.0,453.98,-22.43,-0.0471,2786078
TOMCL,810,"ALLSHR,JSMFI,KMIALLSHR",40.04,39.0,39.51,36.66,37.08,-2.96,-0.0739,2777652
SEARL,823,"ACI,ALLSHR,KMI30,KMIALLSHR,KSE100,KSE100PR,KSE30,MII30",94.11,92.7,93.0,90.3,90.47,-3.64,-0.0387,2688843
GDL,810,"ALLSHR,KMIALLSHR",19.92,19.71,19.8,17.98,18.21,-1.71,-0.0858,2678820
SGPL,824,"ALLSHR,KMIALLSHR",117.04,116.86,120.0,114.0,117.9,0.86,0.0074,2629366
LUCK,804,"ACI,ALLSHR,KMI30,KMIALLSHR,KSE100,KSE100PR,KSE30,MII30,MZNPI,NBPPGI,NITPGI,UPP9",459.46,455.0,456.9,437.0,438.68,-20.78,-0.0452,2616052
FFC,809,"ALLSHR,KMI30,KMIALLSHR,KSE100,KSE100PR,KSE30,MII30,MZNPI,NBPPGI,NITPGI,PSXDIV20,UPP9",556.15,553.01,553.01,540.09,543.22,-12.93,-0.0232,2613575
WASL,819,"ALLSHR,KMIALLSHR",5.93,5.93,5.99,5.7,5.76,-0.17,-0.0287,2612706
HIRAT,830,ALLSHR,7.0,6.91,6.92,6.26,6.36,-0.64,-0.0914,2336623
POWER,804,"ALLSHR,KMIALLSHR,KSE100,KSE100PR",21.73,21.11,21.4,20.7,20.74,-0.99,-0.0456,2286466
HBL,807,"ALLSHR,BKTI,JSGBKTI,KSE100,KSE100PR,KSE30,NBPPGI,NITPGI,PSXDIV20,UPP9",310.93,305.56,307.44,297.01,298.04,-12.89,-0.0415,2264948
ICIBL,813,ALLSHR,24.24,21.82,23.99,21.82,21.82,-2.42,-0.0998,2233008
GAL,801,"ALLSHR,JSMFI,KMI30,KMIALLSHR,KSE100,KSE100PR,KSE30",606.42,595.05,603.0,555.0,557.83,-48.59,-0.0801,2210807
MDTL,828,ALLSHR,5.84,5.81,5.84,5.5,5.56,-0.28,-0.0479,2141551
WAVES,803,"ALLSHR,KMIALLSHR",10.77,10.6,10.69,10.24,10.29,-0.48,-0.0446,2130405
OBOY,821,ALLSHR,17.41,17.36,17.36,15.71,16.03,-1.38,-0.0793,2118124
NML,829,"ACI,ALLSHR,KMI30,KMIALLSHR,KSE100,KSE100PR,MII30",151.47,149.0,149.9,143.2,144.59,-6.88,-0.0454,2103900
GCWL,805,"ALLSHR,KMIALLSHR",17.01,16.8,16.8,15.76,16.4,-0.61,-0.0359,2101448
EFERT,809,"ALLSHR,KMI30,KMIALLSHR,KSE100,KSE100PR,KSE30,MII30,NBPPGI,PSXDIV20,UPP9",194.13,193.5,193.62,187.5,189.01,-5.12,-0.0264,2047602
LOADS,802,"ALLSHR,KMIALLSHR",14.25,14.02,14.05,13.6,13.66,-0.59,-0.0414,2041677
YOUW,831,"ALLSHR,KSE100,KSE100PR",5.6,5.6,5.6,5.01,5.18,-0.42,-0.075,1998396
MIIETF,837,,16.88,16.85,16.85,16.25,16.28,-0.6,-0.0355,1951000
HCAR,801,"ALLSHR,KMI30,KMIALLSHR,KSE100,KSE100PR",241.22,240.1,253.01,237.0,240.43,-0.79,-0.0033,1881274
SPEL,822,"ALLSHR,KMIALLSHR",53.4,51.95,51.95,48.06,48.6,-4.8,-0.0899,1848300
JVDC,838,"ALLSHR,KMIALLSHR,KSE100,KSE100PR,MII30",151.04,147.0,148.5,140.1,142.49,-8.55,-0.0566,1832084
IREIT,836,"ALLSHR,KMIALLSHR",8.12,8.08,8.1,7.84,7.88,-0.24,-0.0296,1800874
PASL,813,ALLSHR,2.61,2.65,2.65,2.4,2.44,-0.17,-0.0651,1798899
MEBL,807,"ALLSHR,BKTI,JSGBKTI,KMI30,KMIALLSHR,KSE100,KSE100PR,KSE30,MII30,MZNPI,NBPPGI,NITPGI,UPP9",547.08,544.78,544.78,525.0,528.57,-18.51,-0.0338,1762148
SYS,828,"ALLSHR,KMI30,KMIALLSHR,KSE100,KSE100PR,KSE30,MII30,NBPPGI,NITPGI,UPP9",141.86,141.0,141.49,136.36,138.13,-3.73,-0.0263,1714555
PREMA,810,"ALLSHR,KMIALLSHR",33.15,32.56,32.96,30.51,30.91,-2.24,-0.0676,1687594
KAPCO,824,"ALLSHR,KSE100,KSE100PR,PSXDIV20",27.84,27.52,27.93,27.5,27.58,-0.26,-0.0093,1663938
DBCI,804,ALLSHR,11.61,11.5,12.77,11.5,12.77,1.16,0.0999,1658498
NRL,825,"ALLSHR,KMI30,KMIALLSHR,KSE30",405.79,404.1,404.98,386.0,387.93,-17.86,-0.044,1650044
NPL,824,"ALLSHR,KSE100,KSE100PR",67.06,65.0,66.8,62.52,62.93,-4.13,-0.0616,1628637
ZAL,828,"ALLSHR,KMIALLSHR",42.64,42.13,42.4,38.42,39.53,-3.11,-0.0729,1606556
CSIL,812,ALLSHR,5.79,5.7,5.87,5.35,5.39,-0.4,-0.0691,1572722
ILP,829,"ACI,ALLSHR,JSMFI,KMIALLSHR,KSE100,KSE100PR,MII30",101.04,100.0,100.0,96.0,96.75,-4.29,-0.0425,1570360
PAKRI,812,ALLSHR,17.63,17.49,17.49,16.69,16.77,-0.86,-0.0488,1560384
IMS,813,ALLSHR,24.75,24.5,25.0,22.4,23.61,-1.14,-0.0461,1548892
RPL,822,"ALLSHR,KMIALLSHR",18.48,18.2,18.7,16.72,16.83,-1.65,-0.0893,1529388
HIFA,806,ALLSHR,5.54,5.25,5.5,4.98,5.01,-0.53,-0.0957,1521194
MUGHAL,808,"ACI,ALLSHR,KMIALLSHR",85.96,84.0,84.0,80.65,81.25,-4.71,-0.0548,1519564
DSL,808,"ALLSHR,KMIALLSHR",5.24,5.23,5.23,5.04,5.07,-0.17,-0.0324,1474337
FATIMA,809,"ALLSHR,KMIALLSHR,KSE100,KSE100PR,MII30",158.01,155.01,155.85,150.17,152.02,-5.99,-0.0379,1473665
QTECH,828,"ALLSHR,KMIALLSHR",52.3,51.49,51.85,47.07,47.4,-4.9,-0.0937,1443003
CJPL,814,ALLSHR,18.91,20.8,20.8,19.41,20.8,1.89,0.1,1434002
ITANZ,828,"ALLSHR,KMIALLSHR",41.58,41.0,41.05,37.9,38.11,-3.47,-0.0834,1433622
HTL,821,"ALLSHR,KMIALLSHR",43.54,42.1,42.5,39.45,39.68,-3.86,-0.0886,1428653
MACFL,822,"ALLSHR,KMIALLSHR",71.13,69.8,70.9,64.02,64.02,-7.11,-0.1,1403238
GATM,829,"ACI,ALLSHR,KMIALLSHR",28.24,28.0,28.0,26.2,26.35,-1.89,-0.0669,1380419
FPJM,819,"ALLSHR,KMIALLSHR",11.26,11.6,12.39,11.6,12.39,1.13,0.1004,1371797
FCSC,813,ALLSHR,5.04,5.0,5.0,4.77,4.8,-0.24,-0.0476,1364285
ASL,808,"ACI,ALLSHR,KMIALLSHR",13.11,13.02,13.13,12.75,12.81,-0.3,-0.0229,1308876
BIPL,807,"ALLSHR,KMIALLSHR",27.65,27.51,27.59,26.5,26.56,-1.09,-0.0394,1277831
FFLM,819,"ALLSHR,KMIALLSHR",18.31,18.1,18.1,16.48,16.49,-1.82,-0.0994,1242244
AIRLINK,828,"ALLSHR,KMI30,KMIALLSHR,KSE100,KSE100PR,KSE30",149.69,144.12,145.95,142.0,142.25,-7.44,-0.0497,1222620
EPCL,805,"ALLSHR,KMIALLSHR",36.06,35.98,35.98,34.02,34.41,-1.65,-0.0458,1211849
QUICE,810,"ALLSHR,KMIALLSHR",33.63,33.48,34.9,31.0,34.37,0.74,0.022,1210629
ASTL,808,ALLSHR,16.7,16.55,16.85,16.01,16.08,-0.62,-0.0371,1198112
FABL,807,"ALLSHR,KMIALLSHR,KSE100,KSE100PR,MII30,PSXDIV20",99.73,98.0,98.1,96.0,96.97,-2.76,-0.0277,1139883
ASC,810,"ALLSHR,KMIALLSHR",13.58,13.25,13.25,12.65,12.78,-0.8,-0.0589,1136989
DFML,801,ALLSHR,19.38,19.3,19.35,17.89,18.16,-1.22,-0.063,1110309
ALAC,812,ALLSHR,24.59,24.6,24.6,22.13,22.3,-2.29,-0.0931,1104567
IMAGE,839,"ALLSHR,KMIALLSHR",26.34,25.75,26.27,25.1,25.26,-1.08,-0.041,1069481
UBLPETF,837,,29.85,30.14,30.14,28.64,28.74,-1.11,-0.0372,1047500
UCAPM,819,ALLSHR,6.15,6.5,6.62,5.89,6.11,-0.04,-0.0065,1031578
CEPB,822,"ALLSHR,KMIALLSHR",30.51,29.94,30.49,28.7,28.83,-1.68,-0.0551,1016308
GHNI,801,"ALLSHR,KMI30,KMIALLSHR,KSE100,KSE100PR,KSE30",1233.72,1219.0,1250.0,1115.25,1125.91,-107.81,-0.0874,1015420
FCL,803,"ALLSHR,KMIALLSHR",23.87,23.53,23.73,23.01,23.08,-0.79,-0.0331,1011618
AMTEX,830,ALLSHR,4.69,4.55,4.76,4.44,4.46,-0.23,-0.049,991233
DCR,836,"ALLSHR,KMIALLSHR,KSE100,KSE100PR",38.46,38.39,38.39,37.8,37.92,-0.54,-0.014,946637
KOHC,804,"ALLSHR,KMIALLSHR,KSE100,KSE100PR",100.18,96.5,97.5,94.0,96.72,-3.46,-0.0345,942982
NCL,829,ALLSHR,38.38,38.2,38.2,36.25,36.57,-1.81,-0.0472,928471
PAKQATAR,812,"ALLSHR,KMIALLSHR",22.48,22.2,22.2,21.25,21.31,-1.17,-0.052,925552
ITTEFAQ,808,"ALLSHR,KMIALLSHR",9.14,9.04,9.28,8.65,8.79,-0.35,-0.0383,901780
HUMNL,828,"ALLSHR,KSE100,KSE100PR",11.0,10.94,10.99,10.6,10.7,-0.3,-0.0273,895482
GRR,836,ALLSHR,22.59,22.2,22.6,21.65,21.79,-0.8,-0.0354,888770
KML,829,ALLSHR,10.04,10.04,10.04,9.24,9.32,-0.72,-0.0717,867897
NETSOL,828,"ALLSHR,KMIALLSHR",128.11,126.0,127.0,119.0,119.79,-8.32,-0.0649,863440
STPL,818,ALLSHR,8.41,8.39,8.5,7.95,8.02,-0.39,-0.0464,860205
FANM,819,"ALLSHR,KMIALLSHR",7.33,7.29,8.0,7.05,7.4,0.07,0.0096,814252
SPWL,824,ALLSHR,9.73,9.59,9.75,9.4,9.51,-0.22,-0.0226,806926
MARI,820,"ALLSHR,KMI30,KMIALLSHR,KSE100,KSE100PR,KSE30,MII30,MZNPI,NBPPGI,NITPGI,OGTI",669.91,665.0,667.9,651.01,653.95,-15.96,-0.0238,792139
JSCL,813,ALLSHR,28.51,28.44,28.44,26.51,26.75,-1.76,-0.0617,791272
TRSM,819,"ALLSHR,KMIALLSHR",16.18,16.01,16.02,15.0,15.31,-0.87,-0.0538,754324
GLAXO,823,"ACI,ALLSHR,KMIALLSHR,KSE100,KSE100PR,MII30",366.07,358.5,364.95,350.1,353.0,-13.07,-0.0357,746000
ATRL,825,"ALLSHR,KMI30,KMIALLSHR,KSE100,KSE100PR,KSE30,MII30,MZNPI",926.51,926.0,926.0,885.0,893.85,-32.66,-0.0352,715073
ANL,829,"ALLSHR,KMIALLSHR",10.77,10.7,10.7,10.01,10.06,-0.71,-0.0659,709294
FDPL,813,ALLSHR,5.29,5.25,5.39,4.96,5.01,-0.28,-0.0529,704164
DOL,805,"ALLSHR,KMIALLSHR",32.11,31.7,32.99,30.9,30.94,-1.17,-0.0364,698542
AGP,823,"ALLSHR,KMIALLSHR,KSE100,KSE100PR",205.44,201.1,202.0,195.55,199.53,-5.91,-0.0288,674921
MFL,810,"ALLSHR,KMIALLSHR",43.98,43.48,43.99,41.6,41.93,-2.05,-0.0466,666226
CPHL,823,"ALLSHR,KMI30,KMIALLSHR,KSE100,KSE100PR",78.44,77.51,77.7,75.14,75.82,-2.62,-0.0334,659494
AICL,812,"ALLSHR,KSE100,KSE100PR",80.26,79.0,79.99,75.11,77.52,-2.74,-0.0341,654548
AVN,828,"ALLSHR,KMIALLSHR",34.24,33.88,33.99,32.88,33.0,-1.24,-0.0362,640656
PICT,833,"ALLSHR,KMIALLSHR",55.73,54.51,55.64,51.49,52.94,-2.79,-0.0501,634485
BFAGRO,810,"ALLSHR,KMIALLSHR",35.19,34.99,34.99,33.0,33.31,-1.88,-0.0534,630067
TCORPR2,826,ALLSHR,4.19,4.2,4.2,3.19,3.5,-0.69,-0.1647,629779
GGGL,811,"ALLSHR,KMIALLSHR",9.13,9.0,9.04,8.76,8.8,-0.33,-0.0361,624737
FCEPL,810,"ALLSHR,KMIALLSHR",104.51,102.85,103.9,99.51,100.04,-4.47,-0.0428,624068
SGF,816,"ALLSHR,KMIALLSHR",116.32,115.0,115.99,110.5,111.13,-5.19,-0.0446,621436
BML,807,ALLSHR,63.35,63.0,63.0,59.21,60.92,-2.43,-0.0384,615279
WAHDAT,810,"ALLSHR,KMIALLSHR",18.19,18.19,18.19,16.61,17.59,-0.6,-0.033,613945
SAZEW,801,"ACI,ALLSHR,KMI30,KMIALLSHR,KSE100,KSE100PR,KSE30,MII30",2011.74,2025.0,2064.0,1990.8,1998.49,-13.25,-0.0066,608009
CHBL,829,ALLSHR,10.71,10.52,10.52,9.8,9.83,-0.88,-0.0822,567725
ZUMA,828,ALLSHR,116.03,116.99,116.99,104.43,105.31,-10.72,-0.0924,541724
DSIL,830,ALLSHR,9.46,9.5,9.5,8.96,9.06,-0.4,-0.0423,535223
CSAP,808,"ACI,ALLSHR,KMIALLSHR,PSXDIV20",109.04,107.99,107.99,102.54,104.33,-4.71,-0.0432,531912
ANSM,826,ALLSHR,34.47,35.0,35.0,31.02,31.15,-3.32,-0.0963,518440
TPLI,812,ALLSHR,45.24,47.5,49.76,45.0,49.76,4.52,0.0999,513547
MCB,807,"ALLSHR,BKTI,JSGBKTI,KSE100,KSE100PR,KSE30,NBPPGI,NITPGI,PSXDIV20",412.51,409.0,409.9,396.3,397.11,-15.4,-0.0373,498510
ALTN,824,ALLSHR,8.36,8.48,8.48,8.01,8.11,-0.25,-0.0299,497829
PINL,812,ALLSHR,11.42,11.34,11.49,10.36,10.6,-0.82,-0.0718,494252
CTM,830,ALLSHR,7.38,7.25,7.25,6.7,6.79,-0.59,-0.0799,489081
STCL,811,"ALLSHR,KMIALLSHR",11.52,11.58,11.6,11.01,11.08,-0.44,-0.0382,483851
IPAK,822,"ALLSHR,KMIALLSHR",36.46,36.1,36.2,34.95,35.77,-0.69,-0.0189,445946
FIBLM,819,"ALLSHR,KMIALLSHR",13.73,13.75,14.2,12.4,12.53,-1.2,-0.0874,428998
ISL,808,"ACI,ALLSHR,KMIALLSHR,KSE100,KSE100PR,PSXDIV20",89.09,88.05,88.05,83.0,84.24,-4.85,-0.0544,387641
TPLT,828,ALLSHR,25.02,24.5,24.99,23.6,24.63,-0.39,-0.0156,361821
MTL,801,"ACI,ALLSHR,KMIALLSHR,KSE100,KSE100PR,MII30,PSXDIV20",294.42,291.0,292.01,286.0,286.43,-7.99,-0.0271,357192
PIL,812,ALLSHR,5.65,5.65,5.65,5.45,5.5,-0.15,-0.0265,351237
KOIL,829,ALLSHR,45.44,45.5,45.5,41.9,42.32,-3.12,-0.0687,336890
TGL,811,"ALLSHR,KMIALLSHR,KSE100,KSE100PR",193.94,186.0,189.89,180.0,187.74,-6.2,-0.032,333065
BFBIO,823,"ALLSHR,KMIALLSHR",136.88,131.52,135.89,130.0,130.92,-5.96,-0.0435,332174
GHGL,811,"ALLSHR,KMIALLSHR,KSE100,KSE100PR",41.0,40.0,40.9,38.71,38.92,-2.08,-0.0507,324019
GWLC,804,"ALLSHR,KMIALLSHR",51.12,50.0,51.0,47.52,48.03,-3.09,-0.0604,319891
STL,828,"ALLSHR,KMIALLSHR",49.86,49.99,49.99,47.5,47.95,-1.91,-0.0383,319825
MERIT,822,"ALLSHR,KMIALLSHR",10.42,10.26,10.4,9.7,9.74,-0.68,-0.0653,314613
BBFL,810,"ALLSHR,KMIALLSHR",43.03,42.13,43.9,41.04,41.98,-1.05,-0.0244,307048
BERG,805,"ALLSHR,KMIALLSHR",108.24,108.0,108.0,101.7,102.51,-5.73,-0.0529,304161
LPL,824,ALLSHR,22.78,22.12,23.36,21.8,22.96,0.18,0.0079,302499
EPQL,824,"ALLSHR,KMIALLSHR",25.56,25.5,25.66,25.25,25.4,-0.16,-0.0063,301048
AKDSL,813,ALLSHR,38.18,37.5,37.8,35.22,35.6,-2.58,-0.0676,287087
ZAHID,829,"ALLSHR,KMIALLSHR",80.58,85.95,88.64,72.61,86.11,5.53,0.0686,278890
PQGTL,812,"ALLSHR,KMIALLSHR",15.05,14.9,14.9,14.05,14.25,-0.8,-0.0532,271345
CHCC,804,"ALLSHR,KMIALLSHR,KSE100,KSE100PR,MII30",325.03,319.7,327.49,303.01,303.94,-21.09,-0.0649,258766
FEM,819,"ALLSHR,KMIALLSHR",12.86,12.99,12.99,11.65,11.75,-1.11,-0.0863,255005
INIL,808,"ALLSHR,KMIALLSHR,KSE100,KSE100PR",171.92,170.1,170.95,165.0,165.23,-6.69,-0.0389,254574
SAIF,830,ALLSHR,54.38,53.0,53.0,48.94,49.47,-4.91,-0.0903,248053
PTL,802,"ALLSHR,KMIALLSHR",54.92,54.0,54.9,52.0,52.31,-2.61,-0.0475,243498
IBLHL,823,"ALLSHR,KMIALLSHR",53.84,53.5,53.5,50.5,51.06,-2.78,-0.0516,223524
OCTOPUS,828,"ALLSHR,KMIALLSHR",33.15,33.01,33.15,31.5,31.62,-1.53,-0.0461,222031
BIFO,805,"ALLSHR,KMIALLSHR",126.15,126.0,126.0,115.0,116.1,-10.05,-0.0797,210980
KSBP,808,"ALLSHR,KMIALLSHR",238.18,238.0,243.7,232.4,237.53,-0.65,-0.0027,207661
AGL,809,ALLSHR,50.9,50.5,50.5,48.0,48.15,-2.75,-0.054,205669
WAFI,821,"ALLSHR,KMIALLSHR",194.49,192.07,192.4,185.2,186.06,-8.43,-0.0433,205033
NICL,805,ALLSHR,242.96,238.0,238.0,221.01,228.66,-14.3,-0.0589,189892
FECTC,804,"ALLSHR,KMIALLSHR",111.96,108.1,110.0,103.52,104.29,-7.67,-0.0685,188086
POL,820,"ALLSHR,KSE100,KSE100PR,KSE30,PSXDIV20",679.72,679.5,679.5,674.0,675.53,-4.19,-0.0062,182948
TRIPF,818,ALLSHR,139.15,136.15,140.0,135.01,137.72,-1.43,-0.0103,181357
ADMM,829,ALLSHR,63.33,62.9,62.9,57.9,58.35,-4.98,-0.0786,180120
EMCO,803,"ALLSHR,KMIALLSHR",56.77,53.16,59.9,52.9,59.06,2.29,0.0403,179713
AHL,813,ALLSHR,120.86,119.99,122.4,116.5,117.66,-3.2,-0.0265,179601
JSML,826,"ALLSHR,KMIALLSHR",65.46,63.1,64.0,60.0,60.65,-4.81,-0.0735,177944
SKRS,826,"ALLSHR,KMIALLSHR",30.12,30.19,30.19,28.61,28.7,-1.42,-0.0471,176970
SHDT,830,"ALLSHR,KMIALLSHR",61.35,59.99,59.99,55.22,55.6,-5.75,-0.0937,168791
HICL,812,ALLSHR,11.57,11.41,11.74,11.0,11.07,-0.5,-0.0432,168621
AGSML,826,ALLSHR,9.59,9.31,9.66,8.97,9.02,-0.57,-0.0594,166524
PIOC,804,"ALLSHR,KMIALLSHR,KSE100,KSE100PR",269.54,266.05,266.9,253.0,257.01,-12.53,-0.0465,166185
ZTL,831,"ALLSHR,KMIALLSHR",19.64,19.5,19.5,18.3,18.44,-1.2,-0.0611,161671
ECOP,818,"ALLSHR,KMIALLSHR",54.56,53.99,53.99,50.11,51.08,-3.48,-0.0638,160222
NATF,810,"ACI,ALLSHR,KSE100,KSE100PR,PSXDIV20",392.12,385.0,388.0,377.0,379.92,-12.2,-0.0311,157675
SPAC2,813,ALLSHR,15.0,16.5,16.5,16.5,16.5,1.5,0.1,157666
DWSM,826,"ALLSHR,KMIALLSHR",7.31,7.31,7.35,6.97,7.12,-0.19,-0.026,154835
HRPL,826,"ALLSHR,KMIALLSHR",20.71,20.68,21.0,19.81,20.79,0.08,0.0039,152554
CLCPS,829,ALLSHR,3.97,3.9,4.1,3.64,3.72,-0.25,-0.063,151098
KTML,829,"ACI,ALLSHR,KMIALLSHR,KSE100,KSE100PR",50.34,49.8,50.5,46.1,47.16,-3.18,-0.0632,148549
BAHL,807,"ALLSHR,BKTI,JSGBKTI,KSE100,KSE100PR,NBPPGI,NITPGI,PSXDIV20",176.11,175.1,176.0,172.55,173.61,-2.5,-0.0142,141300
KOHE,824,"ALLSHR,KMIALLSHR",15.77,15.9,15.95,15.5,15.53,-0.24,-0.0152,140387
ASTM,830,"ALLSHR,KMIALLSHR",25.83,25.9,25.9,23.4,23.46,-2.37,-0.0917,133571
MQTM,830,"ALLSHR,KMIALLSHR",30.71,32.48,32.48,27.64,28.0,-2.71,-0.0882,132918
NBPGETF,837,,27.27,27.27,27.27,26.1,26.23,-1.04,-0.0381,132000
IML,813,ALLSHR,24.8,24.0,24.0,22.32,22.99,-1.81,-0.073,121805
DWTM,830,ALLSHR,10.35,10.29,10.49,9.32,9.32,-1.03,-0.0995,121335
KOHTM,830,"ALLSHR,KMIALLSHR",146.56,144.9,146.99,137.0,138.08,-8.48,-0.0579,121194
ICL,805,"ALLSHR,KMIALLSHR",145.86,143.0,143.0,138.0,140.6,-5.26,-0.0361,118060
LCI,805,"ALLSHR,KMIALLSHR,KSE100,KSE100PR",234.6,231.0,232.0,226.05,227.31,-7.29,-0.0311,113605
HMB,807,"ALLSHR,KSE100,KSE100PR,PSXDIV20",118.22,116.1,117.9,116.0,116.03,-2.19,-0.0185,108858
JUBS,829,"ALLSHR,KMIALLSHR",55.7,54.0,54.0,51.11,53.79,-1.91,-0.0343,105560
FML,829,"ALLSHR,KMIALLSHR",60.87,60.87,61.0,57.0,57.87,-3.0,-0.0493,105509
JDMT,830,"ALLSHR,KMIALLSHR",127.72,125.02,137.99,122.0,130.36,2.64,0.0207,100305
OLPL,813,ALLSHR,49.95,49.6,50.0,49.47,49.52,-0.43,-0.0086,97540
SZTM,830,"ALLSHR,KMIALLSHR",97.57,91.11,97.48,87.9,88.34,-9.23,-0.0946,94351
ABL,807,"ALLSHR,KSE100,KSE100PR",186.94,186.4,186.4,179.0,179.37,-7.57,-0.0405,92172
TCORP,826,"ALLSHR,KMIALLSHR",23.13,23.35,23.35,21.11,21.25,-1.88,-0.0813,90791
NITGETF,837,,34.87,34.85,34.85,33.59,33.92,-0.95,-0.0272,87500
EPCLPS,805,ALLSHR,12.2,12.19,12.2,12.0,12.18,-0.02,-0.0016,87228
ACPL,804,"ALLSHR,KMIALLSHR",227.14,225.0,226.0,220.11,222.5,-4.64,-0.0204,86612
SRR,836,"ALLSHR,KMIALLSHR",16.29,16.3,16.3,16.01,16.13,-0.16,-0.0098,85411
SPAC1,813,ALLSHR,16.31,16.5,16.6,15.22,15.95,-0.36,-0.0221,80167
TATM,830,"ALLSHR,KMIALLSHR",135.94,135.02,135.02,125.0,126.91,-9.03,-0.0664,77170
AGIC,812,ALLSHR,42.14,42.99,42.99,42.0,42.0,-0.14,-0.0033,76716
ARCTM,830,"ALLSHR,KMIALLSHR",41.53,41.99,41.99,38.13,39.24,-2.29,-0.0551,73433
IGIHL,812,ALLSHR,254.83,248.0,254.39,245.0,245.93,-8.9,-0.0349,73278
OML,818,"ALLSHR,KMIALLSHR",77.31,79.98,85.04,72.0,84.99,7.68,0.0993,72871
DYNO,805,"ALLSHR,KMIALLSHR",346.46,348.0,348.0,343.5,343.5,-2.96,-0.0085,72071
APL,821,"ALLSHR,KSE100,KSE100PR,PSXDIV20",549.69,549.0,549.68,542.0,542.67,-7.02,-0.0128,68941
ICCI,831,"ALLSHR,KMIALLSHR",14.11,13.95,13.95,12.76,13.03,-1.08,-0.0765,68493
JLICL,812,ALLSHR,172.0,170.01,178.48,170.0,170.3,-1.7,-0.0099,67701
TSPL,824,ALLSHR,17.2,17.2,17.2,15.85,15.95,-1.25,-0.0727,67267
UNIC,812,ALLSHR,12.4,12.39,12.49,12.08,12.17,-0.23,-0.0185,66264
NONS,826,"ALLSHR,KMIALLSHR",108.65,106.99,109.0,99.52,100.38,-8.27,-0.0761,66151
PGLC,815,"ALLSHR,KSE100,KSE100PR",15.8,14.91,16.65,14.5,14.71,-1.09,-0.069,65327
BPL,821,"ALLSHR,KMIALLSHR",57.4,57.0,57.0,51.66,53.16,-4.24,-0.0739,61134
TCORPCPS,826,ALLSHR,11.17,11.47,11.47,10.41,11.3,0.13,0.0116,56123
LIVEN,823,"ALLSHR,KMIALLSHR",39.1,38.65,38.65,36.72,37.13,-1.97,-0.0504,55558
SARC,805,"ALLSHR,KMIALLSHR",102.11,99.0,103.0,99.0,100.64,-1.47,-0.0144,53820
UDLI,818,"ALLSHR,KMIALLSHR",18.8,18.8,18.8,17.53,17.89,-0.91,-0.0484,52312
BAPL,805,ALLSHR,34.04,34.37,34.37,32.12,32.5,-1.54,-0.0452,51604
GOC,818,"ALLSHR,KMIALLSHR",150.78,162.0,165.86,155.0,162.65,11.87,0.0787,51223
GRYL,815,ALLSHR,21.49,21.69,21.69,20.01,20.5,-0.99,-0.0461,50964
HALEON,823,"ALLSHR,KMIALLSHR,KSE100,KSE100PR",783.82,775.0,780.0,755.1,758.2,-25.62,-0.0327,50076
KOHP,824,ALLSHR,27.12,26.5,27.73,25.25,25.96,-1.16,-0.0428,49976
FCEL,813,ALLSHR,5.22,5.15,5.2,4.95,5.0,-0.22,-0.0421,49898
UDPL,818,"ALLSHR,KMIALLSHR",123.26,119.01,124.9,119.01,121.51,-1.75,-0.0142,49036
BCL,808,"ALLSHR,KMIALLSHR",76.46,74.0,75.9,71.5,71.65,-4.81,-0.0629,48997
MSCL,808,"ALLSHR,KMIALLSHR",25.47,26.44,26.44,23.5,24.59,-0.88,-0.0345,48713
786,813,ALLSHR,25.05,25.29,26.0,24.25,24.45,-0.6,-0.0239,48701
HINOON,823,"ALLSHR,KMIALLSHR,KSE100,KSE100PR",1001.07,989.99,992.0,921.0,968.18,-32.89,-0.0328,48594
ESBL,813,ALLSHR,12.32,12.2,12.28,11.7,11.94,-0.38,-0.0308,46007
SEL,824,"ALLSHR,KMIALLSHR",31.25,31.2,31.25,28.8,29.89,-1.36,-0.0435,43895
SHFA,818,"ALLSHR,KMIALLSHR,KSE100,KSE100PR",538.87,531.1,556.98,510.0,519.27,-19.6,-0.0364,42506
JGICL,812,ALLSHR,80.08,80.0,80.0,78.0,78.77,-1.31,-0.0164,42270
KHTC,832,ALLSHR,337.97,328.0,338.0,320.0,324.1,-13.87,-0.041,41626
MWMP,818,"ALLSHR,KMIALLSHR",68.4,65.0,68.4,62.0,62.11,-6.29,-0.092,41205
ORM,819,"ALLSHR,KMIALLSHR",10.64,10.5,10.54,10.3,10.42,-0.22,-0.0207,41092
ADAMS,826,"ALLSHR,KMIALLSHR",70.02,72.0,77.02,64.02,68.3,-1.72,-0.0246,41066
CLVL,833,ALLSHR,17.56,18.2,18.2,16.0,16.72,-0.84,-0.0478,40929
GUSM,830,ALLSHR,10.02,10.02,10.08,9.61,9.72,-0.3,-0.0299,40762
OTSU,823,"ALLSHR,KMIALLSHR",433.82,430.0,430.0,398.0,412.32,-21.5,-0.0496,40233
FLYNG,804,"ALLSHR,KMIALLSHR",45.19,45.0,45.0,42.56,43.66,-1.53,-0.0339,39983
QUET,829,"ALLSHR,KMIALLSHR",15.73,15.99,15.99,14.4,14.82,-0.91,-0.0578,39416
MEHT,829,"ALLSHR,KMIALLSHR,KSE100,KSE100PR",203.16,203.18,203.5,190.0,193.25,-9.91,-0.0488,39344
IDYM,830,ALLSHR,153.63,150.02,153.0,141.01,146.28,-7.35,-0.0478,39013
LEUL,816,"ALLSHR,KMIALLSHR",45.59,42.23,47.39,42.0,42.58,-3.01,-0.066,38384
MIRKS,826,"ALLSHR,KMIALLSHR",35.98,35.9,35.9,34.51,34.95,-1.03,-0.0286,37110
PKGI,812,ALLSHR,20.0,19.61,20.0,19.0,19.02,-0.98,-0.049,36953
CHAS,826,"ALLSHR,KMIALLSHR",118.47,116.95,116.95,106.8,107.06,-11.41,-0.0963,36304
ACIETF,837,,17.85,17.75,17.84,17.01,17.74,-0.11,-0.0062,35000
PABC,818,"ALLSHR,KSE100,KSE100PR",106.67,107.5,107.5,99.0,103.13,-3.54,-0.0332,34927
SINDM,819,"ALLSHR,KMIALLSHR",24.11,23.3,24.25,22.1,22.46,-1.65,-0.0684,34326
FPRM,819,"ALLSHR,KMIALLSHR",14.1,13.6,13.6,13.1,13.1,-1.0,-0.0709,34157
DLL,813,ALLSHR,59.0,59.0,59.0,56.57,56.89,-2.11,-0.0358,33654
ARUJ,829,ALLSHR,11.74,12.0,12.13,10.71,11.05,-0.69,-0.0588,33515
SEPL,822,ALLSHR,150.07,150.0,150.0,142.2,143.49,-6.58,-0.0438,33063
BFMOD,819,"ALLSHR,KMIALLSHR",22.22,22.22,22.8,21.5,21.92,-0.3,-0.0135,32811
HBLTETF,837,,104.55,103.92,104.02,103.9,104.0,-0.55,-0.0053,31500
LSEFSL,813,ALLSHR,21.85,21.05,22.45,19.85,20.04,-1.81,-0.0828,31286
PASM,829,ALLSHR,13.6,14.0,14.0,12.24,12.26,-1.34,-0.0985,30552
PKGP,824,ALLSHR,40.8,41.18,41.18,37.8,39.39,-1.41,-0.0346,30420
HABSM,826,ALLSHR,81.0,77.15,81.31,77.15,79.26,-1.74,-0.0215,30385
MRNS,826,"ALLSHR,KMIALLSHR",64.6,63.99,64.5,61.5,62.05,-2.55,-0.0395,30170
BRRG,838,ALLSHR,45.88,45.1,47.94,45.0,45.5,-0.38,-0.0083,29951
DNCC,804,"ALLSHR,KMIALLSHR",18.85,18.8,18.8,18.01,18.06,-0.79,-0.0419,29253
SCBPL,807,"ALLSHR,KSE100,KSE100PR",65.7,65.0,65.95,60.02,62.56,-3.14,-0.0478,29091
CPPL,822,"ALLSHR,KMIALLSHR",100.32,100.0,101.0,95.27,97.45,-2.87,-0.0286,28639
FEROZ,823,"ALLSHR,KMIALLSHR",391.89,385.18,391.74,365.0,366.9,-24.99,-0.0638,28568
JSRR,836,ALLSHR,10.85,10.9,10.94,10.75,10.8,-0.05,-0.0046,28542
MACTER,823,"ALLSHR,KMIALLSHR",287.34,283.99,283.99,272.0,274.78,-12.56,-0.0437,27652
AGTL,801,"ALLSHR,KMIALLSHR",394.96,395.97,395.97,378.01,382.28,-12.68,-0.0321,27252
SLYT,830,ALLSHR,16.07,14.61,16.89,14.46,14.46,-1.61,-0.1002,27057
SERT,830,"ALLSHR,KMIALLSHR",63.48,69.83,69.83,69.83,69.83,6.35,0.1,26686
HINO,801,"ALLSHR,KMIALLSHR",433.3,434.6,434.6,405.0,417.47,-15.83,-0.0365,25824
SRVI,816,"ALLSHR,KMIALLSHR,KSE100,KSE100PR,MII30",2102.0,2075.0,2129.0,2010.13,2054.1,-47.9,-0.0228,25725
NRSL,805,"ALLSHR,KMIALLSHR",34.5,34.06,35.0,33.1,33.87,-0.63,-0.0183,25648
CRTM,829,"ALLSHR,KMIALLSHR",82.8,80.1,81.9,80.0,80.0,-2.8,-0.0338,24731
JSGBETF,837,,42.17,41.5,41.5,40.5,40.5,-1.67,-0.0396,24000
OLPM,819,"ALLSHR,KMIALLSHR",24.88,24.99,25.19,24.77,24.8,-0.08,-0.0032,23695
UBDL,818,"ALLSHR,KMIALLSHR",24.9,24.0,24.0,22.41,23.4,-1.5,-0.0602,22478
NEXT,813,ALLSHR,16.18,15.36,16.85,15.36,15.62,-0.56,-0.0346,22371
KSTM,830,"ALLSHR,KMIALLSHR",12.9,13.47,13.48,11.9,12.39,-0.51,-0.0395,22208
BWCL,804,"ALLSHR,KSE100,KSE100PR",499.47,499.0,499.0,488.0,489.47,-10.0,-0.02,22024
JATM,830,"ALLSHR,KMIALLSHR",39.11,39.0,39.0,36.0,36.57,-2.54,-0.0649,21862
PCAL,803,ALLSHR,174.26,174.0,174.0,160.0,163.36,-10.9,-0.0625,20551
ATBA,802,"ALLSHR,KMIALLSHR",216.13,216.99,216.99,208.7,208.95,-7.18,-0.0332,19670
HAEL,829,"ALLSHR,KMIALLSHR",28.67,28.67,28.67,26.8,26.88,-1.79,-0.0624,19637
PRET,830,ALLSHR,551.44,580.0,580.0,503.0,505.41,-46.03,-0.0835,19305
INDU,801,"ALLSHR,KSE100,KSE100PR",1970.16,1970.16,1979.8,1936.0,1938.29,-31.87,-0.0162,19257
GADT,830,"ALLSHR,KMIALLSHR,KSE100,KSE100PR",301.01,295.05,296.0,280.0,288.14,-12.87,-0.0428,19106
DEL,813,ALLSHR,20.54,20.2,20.25,19.7,19.73,-0.81,-0.0394,18138
ARPL,805,"ALLSHR,KMIALLSHR",388.36,388.99,388.99,370.0,372.58,-15.78,-0.0406,17409
DIIL,818,ALLSHR,63.58,60.51,61.0,60.0,60.1,-3.48,-0.0547,17055
FECM,819,"ALLSHR,KMIALLSHR",17.93,17.0,18.41,16.9,17.05,-0.88,-0.0491,17046
HWQS,826,ALLSHR,20.0,18.61,20.0,18.61,19.02,-0.98,-0.049,16474
RUPL,827,"ALLSHR,KMIALLSHR",31.78,31.0,31.0,29.2,29.33,-2.45,-0.0771,16329
GFIL,829,"ALLSHR,KMIALLSHR",31.07,30.81,30.81,30.75,30.76,-0.31,-0.01,16200
SSOM,834,"ALLSHR,KMIALLSHR,KSE100,KSE100PR",481.26,479.89,479.89,446.2,452.59,-28.67,-0.0596,16189
IDRT,830,"ALLSHR,KMIALLSHR",41.18,41.0,41.0,38.0,38.67,-2.51,-0.0609,15557
GATI,827,"ALLSHR,KMIALLSHR",87.14,87.0,87.94,80.11,84.11,-3.03,-0.0348,15044
ABOT,823,"ALLSHR,KMIALLSHR,KSE100,KSE100PR",950.35,940.0,940.0,925.01,926.63,-23.72,-0.025,14501
REDCO,829,"ALLSHR,KMIALLSHR",34.69,32.01,32.51,31.22,31.24,-3.45,-0.0994,14064
PKGS,822,"ALLSHR,KMIALLSHR,KSE100,KSE100PR",799.99,792.0,799.95,780.0,782.35,-17.64,-0.022,13937
HGFA,806,"ALLSHR,KSE100,KSE100PR",17.13,17.03,17.7,16.52,16.78,-0.35,-0.0204,13853
BWHL,802,"ALLSHR,KMIALLSHR",224.21,223.0,223.0,219.0,222.03,-2.18,-0.0097,13805
FIL,816,"ALLSHR,KMIALLSHR",360.26,358.0,396.29,325.1,396.29,36.03,0.1,12680
SUTM,830,ALLSHR,117.43,117.43,118.0,108.0,112.73,-4.7,-0.04,12591
MSOT,839,ALLSHR,126.49,121.0,124.0,118.7,120.51,-5.98,-0.0473,12559
TSMF,806,ALLSHR,17.77,17.25,17.75,17.0,17.05,-0.72,-0.0405,12401
PNSC,833,ALLSHR,596.11,585.07,590.0,572.0,574.71,-21.4,-0.0359,12392
ANTM,829,"ALLSHR,KMIALLSHR",53.6,53.56,53.56,48.55,48.74,-4.86,-0.0907,12023
MUREB,810,"ALLSHR,KSE100,KSE100PR",924.99,915.0,919.9,880.18,904.55,-20.44,-0.0221,11751
AGIL,802,"ALLSHR,KMIALLSHR",160.0,159.0,159.99,152.11,154.5,-5.5,-0.0344,11682
BNWM,835,"ALLSHR,KMIALLSHR,KSE100,KSE100PR",68.15,66.3,67.5,66.0,66.39,-1.76,-0.0258,10829
KPUS,826,"ALLSHR,KMIALLSHR",2282.89,2385.03,2475.0,2350.11,2441.48,158.59,0.0695,10799
STYLERS,839,"ALLSHR,KMIALLSHR",51.75,56.49,56.49,48.55,50.72,-1.03,-0.0199,10796
TOWL,829,"ALLSHR,KMIALLSHR",125.18,125.01,125.01,118.0,122.67,-2.51,-0.02,10214
ATLH,801,"ALLSHR,KSE100,KSE100PR",1691.24,1690.0,1690.0,1625.0,1648.64,-42.6,-0.0252,9912
PAKD,828,"ALLSHR,KMIALLSHR",130.01,131.99,131.99,122.0,125.18,-4.83,-0.0372,9890
ATIL,812,ALLSHR,75.9,75.5,76.3,75.01,75.54,-0.36,-0.0047,9811
SPL,805,"ALLSHR,KMIALLSHR",64.69,64.0,64.0,62.11,62.95,-1.74,-0.0269,9760
FHAM,819,"ALLSHR,KMIALLSHR,KSE100,KSE100PR",33.1,33.1,33.94,31.0,32.34,-0.76,-0.023,9362
SHSML,826,"ALLSHR,KMIALLSHR",390.01,400.0,407.99,387.12,387.19,-2.82,-0.0072,9336
FTMM,819,"ALLSHR,KMIALLSHR",16.92,17.0,17.2,16.02,16.34,-0.58,-0.0343,9079
BOK,807,ALLSHR,33.56,32.72,33.7,32.02,32.48,-1.08,-0.0322,8890
PAKT,832,"ALLSHR,KSE100,KSE100PR",1467.64,1471.8,1480.0,1419.0,1426.6,-41.04,-0.028,8766
SITC,805,"ALLSHR,KMIALLSHR",845.97,840.0,848.0,786.0,831.83,-14.14,-0.0167,8645
RICL,812,ALLSHR,12.31,12.3,12.3,11.75,11.76,-0.55,-0.0447,8611
PPP,822,"ALLSHR,KMIALLSHR",139.23,142.98,142.98,133.0,133.48,-5.75,-0.0413,8588
EXIDE,802,"ALLSHR,KMIALLSHR",528.92,525.05,529.0,490.0,512.44,-16.48,-0.0312,8480
UVIC,812,ALLSHR,25.0,24.5,24.99,24.0,24.01,-0.99,-0.0396,8443
DWAE,802,ALLSHR,24.12,24.9,24.9,23.31,23.5,-0.62,-0.0257,8424
FRSM,826,"ALLSHR,KMIALLSHR",49.17,47.3,47.4,46.05,46.51,-2.66,-0.0541,8393
SSML,830,"ALLSHR,KMIALLSHR",23.9,22.26,25.0,21.51,21.68,-2.22,-0.0929,8254
AATM,830,ALLSHR,63.91,57.76,63.39,57.76,58.06,-5.85,-0.0915,7933
WAHN,805,"ALLSHR,KMIALLSHR",300.01,300.0,300.01,270.16,291.13,-8.88,-0.0296,7875
CCM,830,"ALLSHR,KMIALLSHR",42.02,43.0,43.0,39.1,40.33,-1.69,-0.0402,7728
FSWL,829,ALLSHR,206.2,195.0,198.99,185.58,185.68,-20.52,-0.0995,7616
PSYL,827,"ALLSHR,KMIALLSHR",149.15,150.0,157.0,143.0,155.68,6.53,0.0438,7416
AMBL,813,ALLSHR,23.46,23.46,23.46,21.64,22.95,-0.51,-0.0217,7367
GSPM,830,ALLSHR,6.34,6.7,6.7,6.02,6.33,-0.01,-0.0016,7114
LPGL,805,"ALLSHR,KMIALLSHR",94.61,94.61,95.48,91.15,92.31,-2.3,-0.0243,6834
NCML,830,"ALLSHR,KMIALLSHR",14.9,14.76,15.45,13.65,14.98,0.08,0.0054,6827
NAGC,830,ALLSHR,81.95,75.12,82.0,75.12,76.64,-5.31,-0.0648,6611
FTSM,819,"ALLSHR,KMIALLSHR",34.64,35.25,35.25,31.4,32.63,-2.01,-0.058,5842
COLG,810,"ALLSHR,KMIALLSHR,KSE100,KSE100PR,MII30",1253.4,1250.0,1250.0,1230.0,1239.17,-14.23,-0.0113,5741
ALIFE,812,ALLSHR,33.47,31.65,32.01,31.14,31.28,-2.19,-0.0654,5713
RUBY,830,"ALLSHR,KMIALLSHR",17.39,18.0,18.0,15.8,16.07,-1.32,-0.0759,5710
SURC,829,"ALLSHR,KMIALLSHR",140.2,138.11,138.11,134.5,134.52,-5.68,-0.0405,5637
PECO,808,ALLSHR,826.01,800.0,840.0,800.0,831.01,5.0,0.0061,5593
MCBIM,813,ALLSHR,158.0,158.0,160.9,155.07,157.84,-0.16,-0.001,5424
SMCPL,804,"ALLSHR,KMIALLSHR",42.69,42.0,42.13,41.1,41.86,-0.83,-0.0194,5385
FRCL,811,"ALLSHR,KMIALLSHR",102.96,102.96,112.9,94.01,110.75,7.79,0.0757,5297
BUXL,805,"ALLSHR,KMIALLSHR",202.45,202.39,202.39,187.0,189.03,-13.42,-0.0663,5029
GAMON,818,ALLSHR,21.0,20.06,21.0,19.75,20.62,-0.38,-0.0181,4849
PRWM,831,ALLSHR,76.72,73.56,78.0,73.55,73.75,-2.97,-0.0387,4627
SHEZ,810,ALLSHR,250.11,250.02,264.97,236.0,236.41,-13.7,-0.0548,4326
PAKL,816,ALLSHR,57.59,54.54,59.0,53.25,57.37,-0.22,-0.0038,4174
THALL,802,"ALLSHR,KSE100,KSE100PR",601.22,597.01,605.99,590.0,595.0,-6.22,-0.0103,3967
MFFL,810,"ALLSHR,KMIALLSHR",178.04,176.0,176.98,169.01,169.6,-8.44,-0.0474,3851
NSRM,827,"ALLSHR,KMIALLSHR",193.54,195.0,205.01,192.99,204.51,10.97,0.0567,3850
FCIBL,813,ALLSHR,34.89,32.21,35.0,32.21,33.5,-1.39,-0.0398,3673
REWM,829,"ALLSHR,KMIALLSHR",190.9,176.0,183.71,171.81,173.13,-17.77,-0.0931,3302
PIM,819,"ALLSHR,KMIALLSHR",24.19,22.32,24.16,22.01,22.9,-1.29,-0.0533,3296
BELA,802,ALLSHR,59.31,60.0,60.0,56.1,58.38,-0.93,-0.0157,2945
EFUL,812,ALLSHR,156.1,155.01,157.95,154.01,155.0,-1.1,-0.007,2944
PAKOXY,805,"ALLSHR,KMIALLSHR",298.0,297.0,297.0,283.0,286.94,-11.06,-0.0371,2906
PMRS,826,"ALLSHR,KMIALLSHR",580.53,580.0,580.0,550.0,550.1,-30.43,-0.0524,2822
FZCM,829,"ALLSHR,KMIALLSHR",251.75,259.9,264.98,245.0,245.48,-6.27,-0.0249,2737
GEMBCEM,819,"ALLSHR,KMIALLSHR",13.24,14.39,14.5,14.39,14.45,1.21,0.0914,2699
BAFS,826,"ALLSHR,KMIALLSHR",395.99,367.01,394.99,367.0,392.01,-3.98,-0.01,2660
EFUG,812,ALLSHR,122.54,122.3,124.25,121.81,122.01,-0.53,-0.0043,2508
GVGL,811,"ALLSHR,KMIALLSHR",55.14,55.0,55.0,54.0,54.68,-0.46,-0.0083,2492
DADX,808,"ALLSHR,KMIALLSHR",96.51,90.1,93.98,89.01,93.98,-2.53,-0.0262,2402
PPVC,805,ALLSHR,29.0,29.5,29.5,26.86,26.89,-2.11,-0.0728,2334
DMC,830,"ALLSHR,KMIALLSHR",187.26,195.0,203.98,190.0,199.06,11.8,0.063,2257
ASHT,831,"ALLSHR,KMIALLSHR",34.71,34.71,35.5,33.1,33.93,-0.78,-0.0225,2224
DINT,830,"ALLSHR,KMIALLSHR",74.32,74.34,74.51,72.56,74.33,0.01,0.0001,2218
TSML,826,ALLSHR,695.59,656.0,745.0,656.0,717.5,21.91,0.0315,2147
HUSI,838,ALLSHR,52.06,50.11,52.69,50.06,50.2,-1.86,-0.0357,1958
BATA,816,"ALLSHR,KMIALLSHR",984.29,979.0,979.01,960.0,963.95,-20.34,-0.0207,1794
ASLPS,808,ALLSHR,22.4,24.6,24.64,20.16,20.46,-1.94,-0.0866,1741
TPLL,812,ALLSHR,24.56,22.69,24.0,22.69,22.73,-1.83,-0.0745,1726
ARMG,813,ALLSHR,66.05,71.91,71.91,63.1,70.59,4.54,0.0687,1726
POML,834,"ALLSHR,KMIALLSHR",170.18,161.0,168.0,161.0,163.71,-6.47,-0.038,1614
DAAG,805,"ALLSHR,KMIALLSHR",91.91,94.8,94.8,87.5,87.52,-4.39,-0.0478,1317
CENI,812,ALLSHR,54.0,52.01,53.25,52.01,52.86,-1.14,-0.0211,1315
ELCM,830,"ALLSHR,KMIALLSHR",250.0,235.0,235.0,225.0,225.36,-24.64,-0.0986,1230
AKGL,818,"ALLSHR,KMIALLSHR",53.08,48.2,50.0,48.2,49.95,-3.13,-0.059,1070
IBFL,827,"ALLSHR,KMIALLSHR,KSE100,KSE100PR",342.82,342.0,342.0,323.26,328.67,-14.15,-0.0413,1032
SIBL,813,ALLSHR,7.22,7.28,7.28,7.0,7.0,-0.22,-0.0305,1002
SHCM,830,"ALLSHR,KMIALLSHR",47.91,46.01,46.01,46.01,46.01,-1.9,-0.0397,1001
INKL,839,"ALLSHR,KMIALLSHR",96.23,96.2,96.39,92.0,94.1,-2.13,-0.0221,981
ELSM,830,"ALLSHR,KMIALLSHR",125.06,115.1,125.0,113.25,113.32,-11.74,-0.0939,932
ARPAK,818,ALLSHR,137.22,131.0,140.0,131.0,138.39,1.17,0.0085,844
PSEL,818,"ALLSHR,KMIALLSHR,KSE100,KSE100PR",912.41,924.89,924.99,905.02,906.28,-6.13,-0.0067,842
TICL,826,"ALLSHR,KMIALLSHR",1000.35,962.03,1000.0,921.0,957.78,-42.57,-0.0426,801
FIMM,819,"ALLSHR,KMIALLSHR",217.82,217.0,217.0,197.1,199.98,-17.84,-0.0819,649
SUHJ,814,"ALLSHR,KMIALLSHR",170.11,159.01,180.0,159.0,168.26,-1.85,-0.0109,644
ZIL,810,"ALLSHR,KMIALLSHR",370.03,371.0,371.0,340.0,353.67,-16.36,-0.0442,641
POWERPS,804,ALLSHR,29.29,30.0,30.0,26.36,26.38,-2.91,-0.0993,562
ISIL,810,"ALLSHR,KMIALLSHR",1917.62,1903.0,1939.9,1902.0,1936.79,19.17,0.01,556
SASML,826,"ALLSHR,KMIALLSHR",386.97,386.97,386.97,360.03,374.0,-12.97,-0.0335,495
ALNRS,826,"ALLSHR,KMIALLSHR",135.17,131.0,143.99,125.51,138.07,2.9,0.0215,494
JSGCL,813,ALLSHR,168.36,168.36,168.36,160.0,160.62,-7.74,-0.046,465
IDSM,830,"ALLSHR,KMIALLSHR",50.33,50.33,54.98,47.41,50.33,0.0,0.0,460
JDWS,826,"ALLSHR,KMIALLSHR,KSE100,KSE100PR",946.03,910.01,959.0,910.01,941.65,-4.38,-0.0046,430
KHYT,829,"ALLSHR,KMIALLSHR",1724.06,1896.47,1896.47,1561.02,1793.35,69.29,0.0402,422
SCL,810,"ALLSHR,KMIALLSHR",753.15,752.0,828.0,752.0,790.1,36.95,0.0491,406
KCL,811,"ALLSHR,KMIALLSHR",136.89,140.0,150.58,135.0,142.22,5.33,0.0389,405
CFL,830,"ALLSHR,KMIALLSHR",63.0,57.52,63.0,57.51,61.61,-1.39,-0.0221,399
AABS,826,ALLSHR,885.14,895.75,900.0,880.0,881.2,-3.94,-0.0044,331
STML,829,"ALLSHR,KMIALLSHR",47.42,43.21,49.79,43.21,47.42,0.0,0.0,315
JSIL,813,ALLSHR,46.85,43.25,48.88,43.25,46.85,0.0,0.0,305
SFL,829,ALLSHR,1122.1,1125.85,1130.0,1085.1,1091.08,-31.02,-0.0276,262
SHJS,826,ALLSHR,163.52,177.98,179.87,163.01,167.73,4.21,0.0257,262
ASIC,812,ALLSHR,31.32,29.31,34.4,29.31,31.32,0.0,0.0,172
JVDCPS,838,ALLSHR,64.05,61.01,61.01,61.01,64.05,0.0,0.0,165
GEMMEL,824,"ALLSHR,KMIALLSHR",24.73,27.2,27.2,27.2,24.73,0.0,0.0,163
BHAT,829,"ALLSHR,KMIALLSHR",825.0,825.0,825.0,800.0,800.0,-25.0,-0.0303,162
NESTLE,810,"ALLSHR,KMIALLSHR,KSE100,KSE100PR",7614.59,7559.11,7648.95,7559.11,7564.11,-50.48,-0.0066,157
SNAI,830,"ALLSHR,KMIALLSHR",38.81,35.1,39.0,35.1,38.81,0.0,0.0,153
SANSM,826,"ALLSHR,KMIALLSHR",130.98,126.05,139.0,126.05,130.98,0.0,0.0,141
ASLCPS,808,ALLSHR,71.44,64.35,65.01,64.3,70.94,-0.5,-0.007,95
BTL,829,"ALLSHR,KMIALLSHR",1023.65,1031.99,1031.99,975.0,976.16,-47.49,-0.0464,83
SAPT,829,"ALLSHR,KMIALLSHR",1436.85,1550.0,1560.0,1341.51,1426.34,-10.51,-0.0073,82
AKDHL,818,ALLSHR,157.61,155.55,162.5,154.85,157.61,0.0,0.0,75
HPL,823,"ALLSHR,KMIALLSHR",4001.85,3811.0,4190.0,3787.0,4006.66,4.81,0.0012,73
SML,826,"ALLSHR,KMIALLSHR",114.58,119.95,119.95,117.19,114.58,0.0,0.0,72
HAFL,829,"ALLSHR,KMIALLSHR",485.17,452.01,490.0,452.01,483.54,-1.63,-0.0034,64
IGIL,812,ALLSHR,19.34,19.5,19.5,18.73,19.34,0.0,0.0,61
UPFL,810,"ALLSHR,KMIALLSHR,KSE100,KSE100PR",25268.0,25280.01,25500.0,25000.0,25360.0,92.0,0.0036,54
AHTM,829,"ALLSHR,KMIALLSHR",95.08,86.57,99.99,86.57,95.08,0.0,0.0,31
RMPL,810,"ALLSHR,KMIALLSHR,KSE100,KSE100PR",9546.82,9360.0,9546.77,9360.0,9490.35,-56.47,-0.0059,25
FASM,829,"ALLSHR,KMIALLSHR",326.98,325.01,325.01,315.0,326.98,0.0,0.0,24
STJT,831,"ALLSHR,KMIALLSHR",143.16,146.0,146.0,139.0,143.16,0.0,0.0,14
ANLNV,829,ALLSHR,9.4,8.8,9.4,8.8,9.18,-0.22,-0.0234,13
SIEM,803,"ALLSHR,KMIALLSHR",1517.25,1518.0,1518.01,1518.0,1517.25,0.0,0.0,9
PIAHCLB,813,ALLSHR,17801.01,17802.0,18190.0,17022.0,17606.0,-195.01,-0.0109,7
JKSM,830,ALLSHR,210.7,0.0,0.0,0.0,210.7,0.0,0.0,5
EWIC,812,ALLSHR,48.54,52.22,52.22,47.01,48.54,0.0,0.0,4
AGLNCPS,809,ALLSHR,40.0,36.0,36.0,36.0,40.0,0.0,0.0,2
GEMPACRA,818,"ALLSHR,KMIALLSHR",39.62,36.0,36.0,36.0,39.62,0.0,0.0,1
