SYMBOL,SECTOR,LISTED IN,LDCP,OPEN,HIGH,LOW,CURRENT,CHANGE,CHANGE (%),VOLUME
KEL,824,"ALLSHR,JSMFI,KMIALLSHR,KSE100,KSE100PR",7.8,7.75,7.79,6.9,7.06,-0.74,-9.49%,96740260
FNEL,813,ALLSHR,1.23,1.23,1.24,1.17,1.18,-0.05,-4.06%,33024724
UNITY,810,"ALLSHR,KSE100,KSE100PR",8.57,8.55,8.65,8.21,8.26,-0.31,-3.62%,25118960
WTL,828,ALLSHR,1.26,1.27,1.27,1.18,1.19,-0.07,-5.56%,23208086
BOP,807,"ALLSHR,BKTI,JSGBKTI,KSE100,KSE100PR,KSE30,PSXDIV20",26.64,26.6,26.6,25.6,25.7,-0.94,-3.53%,17078881
FCCL,804,"ACI,ALLSHR,KMI30,KMIALLSHR,KSE100,KSE100PR,KSE30,MII30",41.98,41.1,41.69,40.3,40.55,-1.43,-3.41%,16085730
CNERGY,825,"ALLSHR,KMI30,KMIALLSHR,KSE100,KSE100PR",7.08,7.02,7.05,6.79,6.82,-0.26,-3.67%,15293118
PIBTL,833,"ALLSHR,KMIALLSHR,KSE100,KSE100PR",15.45,15.45,15.47,14.45,14.56,-0.89,-5.76%,13523948
NCPL,824,ALLSHR,64.65,63.75,63.75,60.56,60.78,-3.87,-5.99%,11768000
NPL,824,"ALLSHR,KSE100,KSE100PR",71.0,69.02,69.98,66.5,66.91,-4.09,-5.76%,9078513
HUMNL,828,"ALLSHR,KSE100,KSE100PR",11.8,11.71,11.79,11.0,11.07,-0.73,-6.19%,6686809
PAEL,803,"ALLSHR,KMI30,KMIALLSHR,KSE100,KSE100PR,KSE30,MII30,MZNPI",39.0,38.6,38.89,36.4,36.63,-2.37,-6.08%,6527362
PACE,838,ALLSHR,10.32,10.25,10.39,9.45,9.53,-0.79,-7.66%,6412814
MLCF,804,"ACI,ALLSHR,KMI30,KMIALLSHR,KSE100,KSE100PR,KSE30,MII30,MZNPI",85.85,84.1,84.98,80.08,80.65,-5.2,-6.06%,6267655
DGKC,804,"ACI,ALLSHR,KMI30,KMIALLSHR,KSE100,KSE100PR,KSE30,MII30,MZNPI",170.91,166.45,169.6,162.0,162.73,-8.18,-4.79%,6153714
ANL,829,"ACI,ALLSHR,KMIALLSHR",9.58,9.8,10.42,9.1,9.74,0.16,1.67%,6028452
TRSM,819,"ALLSHR,KMIALLSHR",18.91,19.54,20.67,17.02,18.09,-0.82,-4.34%,5936137
FFL,810,"ACI,ALLSHR,KMI30,KMIALLSHR,KSE100,KSE100PR",15.48,15.4,15.69,15.02,15.1,-0.38,-2.45%,5512040
PTC,828,"ALLSHR,JSMFI,KSE100,KSE100PR",55.63,55.2,55.9,51.5,52.04,-3.59,-6.45%,5214021
PPL,820,"ALLSHR,KMI30,KMIALLSHR,KSE100,KSE100PR,KSE30,MII30,MZNPI,NBPPGI,NITPGI,OGTI",220.45,219.0,219.35,209.0,210.88,-9.57,-4.34%,5094295
HUBC,824,"ALLSHR,JSMFI,KMI30,KMIALLSHR,KSE100,KSE100PR,KSE30,MII30,MZNPI,NBPPGI,NITPGI,PSXDIV20,UPP9",205.31,205.0,205.0,196.8,197.55,-7.76,-3.78%,5087772
OGDC,820,"ALLSHR,KMI30,KMIALLSHR,KSE100,KSE100PR,KSE30,MII30,MZNPI,NBPPGI,NITPGI,OGTI,PSXDIV20",281.64,279.99,281.5,272.3,274.13,-7.51,-2.67%,5013789
HASCOL,821,ALLSHR,17.66,17.5,17.5,16.6,16.68,-0.98,-5.55%,4912528
TELE,828,"ALLSHR,KMIALLSHR",7.8,7.83,7.83,7.24,7.32,-0.48,-6.15%,4793997
WAVES,803,"ALLSHR,KMIALLSHR",10.12,10.15,10.15,9.6,9.71,-0.41,-4.05%,4618453
NBP,807,"ALLSHR,BKTI,JSGBKTI,JSMFI,KSE100,KSE100PR,KSE30,NBPPGI",184.12,182.0,183.0,172.5,174.86,-9.26,-5.03%,4329430
AHCL,809,"ALLSHR,PSXDIV20",14.12,13.9,13.9,13.05,13.14,-0.98,-6.94%,4113144
CRTM,829,"ALLSHR,KMIALLSHR",49.23,47.0,53.9,45.15,49.67,0.44,0.89%,3828646
PRL,825,"ALLSHR,KMI30,KMIALLSHR",30.44,30.3,30.4,29.32,29.47,-0.97,-3.19%,3769920
AGHA,808,ALLSHR,6.78,6.7,6.83,6.6,6.63,-0.15,-2.21%,3761344
HBL,807,"ALLSHR,BKTI,JSGBKTI,KSE100,KSE100PR,KSE30,NBPPGI,NITPGI,PSXDIV20,UPP9",264.07,261.1,263.49,254.26,255.16,-8.91,-3.37%,3711299
SYS,828,"ALLSHR,KMI30,KMIALLSHR,KSE100,KSE100PR,KSE30,MII30,NBPPGI,NITPGI,UPP9",141.25,140.0,140.0,136.0,137.61,-3.64,-2.58%,3650664
IREIT,836,"ALLSHR,KMIALLSHR",8.51,8.65,8.65,7.8,8.05,-0.46,-5.40%,3535590
SSGC,821,"ALLSHR,KMI30,KMIALLSHR,KSE100,KSE100PR,KSE30",22.53,22.39,22.39,21.35,21.49,-1.04,-4.62%,3498069
LUCK,804,"ACI,ALLSHR,KMI30,KMIALLSHR,KSE100,KSE100PR,KSE30,MII30,MZNPI,NBPPGI,NITPGI,UPP9",384.99,383.97,383.97,363.0,366.56,-18.43,-4.79%,3312882
TPLP,838,"ALLSHR,KMIALLSHR",7.06,7.0,7.05,6.75,6.79,-0.27,-3.82%,3204678
LOTCHEM,805,"ALLSHR,KMIALLSHR,KSE100,KSE100PR",23.96,23.8,23.81,23.09,23.46,-0.5,-2.09%,3203461
GCIL,805,"ALLSHR,KMIALLSHR",28.14,28.0,28.0,26.2,26.38,-1.76,-6.25%,3021905
BAFL,807,"ALLSHR,BKTI,JSGBKTI,JSMFI,KSE100,KSE100PR,PSXDIV20",110.71,110.71,111.0,107.0,107.08,-3.63,-3.28%,2988099
UBL,807,"ALLSHR,BKTI,JSGBKTI,KSE100,KSE100PR,KSE30,NBPPGI,NITPGI,PSXDIV20,UPP9",374.01,374.5,374.99,343.0,347.58,-26.43,-7.07%,2917729
TREET,810,"ALLSHR,KMIALLSHR",23.22,22.66,23.18,22.1,22.24,-0.98,-4.22%,2819765
MEBL,807,"ALLSHR,BKTI,JSGBKTI,KMI30,KMIALLSHR,KSE100,KSE100PR,KSE30,MII30,NBPPGI,NITPGI,PSXDIV20,UPP9",464.09,462.98,475.0,450.56,453.5,-10.59,-2.28%,2738016
BECO,808,"ALLSHR,KMIALLSHR",4.65,4.7,4.7,4.45,4.48,-0.17,-3.66%,2629666
CSAP,808,"ALLSHR,KMIALLSHR",94.64,94.6,101.14,92.25,93.23,-1.41,-1.49%,2558605
TRG,828,"ALLSHR,KSE100,KSE100PR",48.3,47.7,47.97,46.1,46.33,-1.97,-4.08%,2531889
SEARL,823,"ACI,ALLSHR,KMI30,KMIALLSHR,KSE100,KSE100PR,KSE30,MII30",87.5,86.95,86.95,83.1,83.56,-3.94,-4.50%,2522466
BNL,810,"ALLSHR,KMIALLSHR",8.36,8.36,8.36,7.89,8.08,-0.28,-3.35%,2511360
NML,829,"ACI,ALLSHR,KMIALLSHR,KSE100,KSE100PR",143.48,141.0,141.99,134.0,135.49,-7.99,-5.57%,2381652
THCCL,804,ALLSHR,52.78,52.5,53.5,51.9,52.81,0.03,0.06%,2356211
ENGROH,813,"ALLSHR,JSMFI,KMI30,KMIALLSHR,KSE100,KSE100PR,KSE30,MII30,MZNPI,NBPPGI,NITPGI,UPP9",282.9,281.4,281.4,270.12,271.66,-11.24,-3.97%,2350732
KOSM,830,ALLSHR,4.67,4.66,4.66,4.43,4.45,-0.22,-4.71%,2334753
CSIL,812,ALLSHR,4.39,4.35,4.35,4.04,4.08,-0.31,-7.06%,2213212
ITTEFAQ,808,"ALLSHR,KMIALLSHR",8.01,8.6,9.01,8.25,9.01,1.0,12.48%,2187153
PSO,821,"ACI,ALLSHR,KMI30,KMIALLSHR,KSE100,KSE100PR,KSE30,MII30,MZNPI",375.68,372.5,374.0,359.0,359.93,-15.75,-4.19%,2053453
DSIL,830,ALLSHR,6.84,6.84,7.67,6.51,7.24,0.4,5.85%,2021861
FFC,809,"ALLSHR,JSMFI,KMI30,KMIALLSHR,KSE100,KSE100PR,KSE30,MII30,MZNPI,NBPPGI,NITPGI,PSXDIV20,UPP9",513.19,509.98,511.98,496.0,498.63,-14.56,-2.84%,1894019
FCL,803,"ALLSHR,KMIALLSHR",22.01,21.76,21.89,20.8,20.89,-1.12,-5.09%,1875037
PIAHCLA,813,ALLSHR,21.8,21.9,21.9,20.95,21.09,-0.71,-3.26%,1856612
OCTOPUS,828,"ALLSHR,KMIALLSHR",31.99,31.99,33.35,31.5,32.58,0.59,1.84%,1853125
GLAXO,823,"ACI,ALLSHR,KMI30,KMIALLSHR,KSE100,KSE100PR,MII30",335.29,330.01,339.0,327.5,329.93,-5.36,-1.60%,1801174
EFERT,809,"ALLSHR,KMI30,KMIALLSHR,KSE100,KSE100PR,KSE30,MII30,NBPPGI,NITPGI,PSXDIV20,UPP9",203.77,204.0,205.0,199.0,199.95,-3.82,-1.87%,1799288
SBL,807,ALLSHR,10.99,11.01,12.09,10.07,10.19,-0.8,-7.28%,1718851
SNGP,821,"ACI,ALLSHR,KMI30,KMIALLSHR,KSE100,KSE100PR,KSE30,MII30",94.2,93.9,93.9,89.0,90.35,-3.85,-4.09%,1681996
TOMCL,810,"ALLSHR,KMIALLSHR",32.15,32.2,32.5,31.0,31.13,-1.02,-3.17%,1664905
MIIETF,837,,16.13,16.32,16.32,15.6,15.67,-0.46,-2.85%,1510000
SLGL,833,"ALLSHR,KMIALLSHR",15.46,15.44,15.44,14.88,14.92,-0.54,-3.49%,1500917
PSX,813,"ALLSHR,KSE100,KSE100PR",36.41,36.0,36.0,33.75,33.84,-2.57,-7.06%,1490144
EPCL,805,"ALLSHR,JSMFI,KMIALLSHR",32.93,32.9,32.9,30.35,30.53,-2.4,-7.29%,1438758
LSECL,813,ALLSHR,5.63,5.63,5.71,5.25,5.3,-0.33,-5.86%,1422828
ASL,808,"ACI,ALLSHR,KMIALLSHR",9.76,9.7,9.74,9.45,9.53,-0.23,-2.36%,1420685
HMB,807,"ALLSHR,KSE100,KSE100PR",109.49,109.0,109.0,106.26,107.05,-2.44,-2.23%,1381417
SPWL,824,"ALLSHR,KMIALLSHR",9.2,9.49,9.88,9.32,9.71,0.51,5.54%,1365250
FATIMA,809,"ALLSHR,KMIALLSHR,KSE100,KSE100PR,MII30,PSXDIV20",135.13,134.88,136.8,131.0,131.66,-3.47,-2.57%,1298411
JSMFETF,837,,10.31,10.29,10.29,9.88,9.9,-0.41,-3.98%,1251500
MZNPETF,837,,19.57,19.5,19.5,18.89,18.91,-0.66,-3.37%,1172500
AVN,828,"ALLSHR,KMIALLSHR",32.6,32.28,32.28,30.35,30.49,-2.11,-6.47%,1156244
GATM,829,"ACI,ALLSHR,KMIALLSHR",20.2,20.19,20.19,18.9,19.03,-1.17,-5.79%,1133923
TSBL,813,ALLSHR,1.71,1.71,1.74,1.6,1.61,-0.1,-5.85%,1112855
QUICE,810,"ALLSHR,KMIALLSHR",24.3,24.0,24.0,22.45,22.62,-1.68,-6.91%,1085090
GGL,805,"ALLSHR,KMIALLSHR",16.0,15.99,16.02,15.36,15.64,-0.36,-2.25%,1076730
ASTL,808,ALLSHR,15.01,15.0,15.1,14.4,14.47,-0.54,-3.60%,1047636
ZAL,828,"ALLSHR,KMIALLSHR",40.13,39.99,41.0,38.5,39.13,-1.0,-2.49%,974899
MARI,820,"ALLSHR,KMI30,KMIALLSHR,KSE100,KSE100PR,KSE30,MII30,MZNPI,NBPPGI,NITPGI,OGTI",642.14,640.1,642.1,626.0,627.14,-15.0,-2.34%,971060
WAVESAPP,803,ALLSHR,7.97,7.9,7.96,7.55,7.58,-0.39,-4.89%,969770
SYM,828,"ALLSHR,KMIALLSHR",10.27,10.27,10.32,9.87,10.07,-0.2,-1.95%,966661
GHNI,801,"ALLSHR,KMI30,KMIALLSHR,KSE100,KSE100PR,KSE30",715.1,714.99,714.99,643.59,653.6,-61.5,-8.60%,959735
FABL,807,"ALLSHR,KMIALLSHR,KSE100,KSE100PR,MII30,PSXDIV20",86.21,85.03,85.93,84.0,84.25,-1.96,-2.27%,944226
FANM,819,"ALLSHR,KMIALLSHR",7.53,7.53,7.53,6.53,6.57,-0.96,-12.75%,934543
MDTL,828,ALLSHR,5.44,5.44,5.44,5.11,5.15,-0.29,-5.33%,881495
AKBL,807,"ALLSHR,KSE100,KSE100PR",84.13,82.99,84.3,80.5,81.03,-3.1,-3.68%,879824
MUGHAL,808,"ACI,ALLSHR,KMIALLSHR",73.24,72.02,72.5,70.02,70.75,-2.49,-3.40%,865272
KOHC,804,"ALLSHR,KMIALLSHR,KSE100,KSE100PR,MII30",85.12,84.25,84.25,79.85,81.34,-3.78,-4.44%,855522
FCSC,813,ALLSHR,4.61,4.6,4.6,4.22,4.26,-0.35,-7.59%,834241
AGP,823,"ALLSHR,KMIALLSHR,KSE100,KSE100PR",194.13,194.0,194.0,178.0,180.01,-14.12,-7.27%,826707
DCL,804,"ALLSHR,KMIALLSHR",8.01,8.04,8.08,7.68,7.74,-0.27,-3.37%,773747
DFML,801,ALLSHR,16.58,16.51,16.51,15.5,15.57,-1.01,-6.09%,767662
AMTEX,830,ALLSHR,4.05,4.05,4.05,3.78,3.8,-0.25,-6.17%,767117
TBL,802,"ALLSHR,KMIALLSHR",9.64,9.7,9.7,9.25,9.34,-0.3,-3.11%,720936
AGSML,826,ALLSHR,8.27,8.36,8.55,7.41,7.69,-0.58,-7.01%,716067
DSL,808,ALLSHR,5.61,5.61,5.65,5.4,5.43,-0.18,-3.21%,715544
GDL,810,"ALLSHR,KMIALLSHR",20.06,20.39,20.39,18.8,19.72,-0.34,-1.69%,710889
PREMA,810,"ALLSHR,KMIALLSHR",27.1,27.09,27.09,26.0,26.06,-1.04,-3.84%,699008
KAPCO,824,"ALLSHR,KSE100,KSE100PR",27.34,27.34,27.34,26.55,26.7,-0.64,-2.34%,679086
AIRLINK,828,"ALLSHR,KMI30,KMIALLSHR,KSE100,KSE100PR,KSE30",139.97,137.01,138.48,135.1,135.53,-4.44,-3.17%,651806
PABC,818,"ALLSHR,KSE100,KSE100PR",88.37,88.39,91.0,87.0,90.02,1.65,1.87%,642316
BML,807,ALLSHR,62.8,63.0,65.5,61.1,61.68,-1.12,-1.78%,617744
BAHL,807,"ALLSHR,BKTI,JSGBKTI,KSE100,KSE100PR,NBPPGI,NITPGI,PSXDIV20",156.82,156.0,156.99,152.22,155.39,-1.43,-0.91%,600977
CHCC,804,"ALLSHR,KMIALLSHR,KSE100,KSE100PR,MII30",267.68,261.0,265.0,247.5,254.64,-13.04,-4.87%,569072
ILP,829,"ACI,ALLSHR,KMIALLSHR,KSE100,KSE100PR",81.88,78.56,80.99,77.9,78.52,-3.36,-4.10%,566557
ITANZ,828,ALLSHR,36.12,37.49,39.73,33.0,35.88,-0.24,-0.66%,565598
AICL,812,"ALLSHR,KSE100,KSE100PR",70.49,69.0,70.01,66.0,66.38,-4.11,-5.83%,565249
JVDC,838,"ALLSHR,KMIALLSHR,KSE100,KSE100PR,PSXDIV20",109.38,109.38,109.38,102.2,102.56,-6.82,-6.23%,556200
DCR,836,"ALLSHR,KMIALLSHR,KSE100,KSE100PR",36.32,36.36,36.5,35.9,36.01,-0.31,-0.85%,549250
TPL,828,ALLSHR,7.41,7.43,7.43,6.99,7.0,-0.41,-5.53%,533035
YOUW,831,"ALLSHR,KMIALLSHR,KSE100,KSE100PR",4.29,4.29,4.29,4.07,4.08,-0.21,-4.90%,522900
GCWL,805,"ALLSHR,KMIALLSHR",16.56,16.49,16.59,15.9,15.96,-0.6,-3.62%,510201
FCEPL,810,"ALLSHR,KMIALLSHR",75.67,76.85,76.85,72.8,73.28,-2.39,-3.16%,505184
CPHL,823,"ALLSHR,KMI30,KMIALLSHR,KSE100,KSE100PR",75.27,75.2,75.2,72.7,72.88,-2.39,-3.17%,500713
NRL,825,"ALLSHR,KMI30,KMIALLSHR,KSE30",333.86,330.1,334.0,315.0,316.68,-17.18,-5.15%,486094
BLUEX,833,"ALLSHR,KMIALLSHR",6.39,6.58,6.79,6.25,6.27,-0.12,-1.88%,466704
LSEVL,813,ALLSHR,7.59,7.6,7.79,7.39,7.4,-0.19,-2.50%,463111
OBOY,821,"ALLSHR,KMIALLSHR",8.62,8.26,8.62,8.25,8.28,-0.34,-3.94%,450891
ATRL,825,"ALLSHR,KMI30,KMIALLSHR,KSE100,KSE100PR,KSE30,MII30,MZNPI",814.55,811.97,819.49,793.0,798.18,-16.37,-2.01%,450747
BIPL,807,"ALLSHR,KMIALLSHR,PSXDIV20",24.89,24.98,24.98,24.35,24.69,-0.2,-0.80%,433363
BFBIO,823,"ALLSHR,KMIALLSHR",137.57,137.0,137.0,132.0,134.46,-3.11,-2.26%,420406
TCORPCPS,826,ALLSHR,10.86,10.8,11.95,10.07,10.1,-0.76,-7.00%,410536
NRSL,805,"ALLSHR,KMIALLSHR",24.21,23.9,24.25,23.5,24.0,-0.21,-0.87%,406028
PASL,813,ALLSHR,2.26,2.3,2.3,2.1,2.15,-0.11,-4.87%,398309
ZUMA,828,ALLSHR,60.33,60.24,63.0,58.27,61.35,1.02,1.69%,392937
TCORP,826,"ALLSHR,KMIALLSHR",28.93,30.4,30.4,27.01,28.46,-0.47,-1.62%,387489
MCB,807,"ALLSHR,BKTI,JSGBKTI,KSE100,KSE100PR,KSE30,NBPPGI,NITPGI,PSXDIV20",375.36,375.0,379.0,365.0,366.7,-8.66,-2.31%,377373
LOADS,802,"ALLSHR,KMIALLSHR",12.55,12.5,12.5,12.1,12.19,-0.36,-2.87%,372098
NETSOL,828,"ALLSHR,KMIALLSHR",105.44,105.5,105.5,100.0,101.48,-3.96,-3.76%,359347
PAKRI,812,ALLSHR,17.78,17.6,18.0,17.05,17.34,-0.44,-2.47%,352101
MACFL,822,"ALLSHR,KMIALLSHR",22.41,22.65,22.65,21.05,21.23,-1.18,-5.27%,340031
BBFL,810,"ALLSHR,KMIALLSHR",36.88,36.78,37.29,35.71,35.79,-1.09,-2.96%,322973
SAZEW,801,"ACI,ALLSHR,JSMFI,KMI30,KMIALLSHR,KSE100,KSE100PR,KSE30,MII30",1758.33,1755.0,1755.0,1689.99,1692.62,-65.71,-3.74%,309563
FIBLM,819,"ALLSHR,KMIALLSHR",12.4,13.6,13.64,13.02,13.64,1.24,10.00%,292569
JSCL,813,ALLSHR,18.18,18.2,18.25,17.5,17.69,-0.49,-2.70%,287316
786,813,ALLSHR,46.94,47.13,51.63,47.13,51.63,4.69,9.99%,282360
STPL,818,ALLSHR,6.5,6.55,6.55,6.3,6.32,-0.18,-2.77%,278815
POWER,804,"ALLSHR,KMIALLSHR",17.18,17.1,17.1,16.61,16.71,-0.47,-2.74%,277277
TPLT,828,"ALLSHR,KMIALLSHR",8.99,8.95,9.05,8.56,8.6,-0.39,-4.34%,270552
HRPL,826,"ALLSHR,KMIALLSHR",21.17,20.5,20.78,19.05,19.05,-2.12,-10.01%,262486
ICIBL,813,ALLSHR,3.94,3.98,3.98,3.7,3.78,-0.16,-4.06%,259022
CLOV,810,"ALLSHR,KMIALLSHR",65.66,65.66,65.66,62.0,62.97,-2.69,-4.10%,258189
WASL,819,"ALLSHR,KMIALLSHR",5.15,5.15,5.25,5.0,5.03,-0.12,-2.33%,253914
SERT,830,"ALLSHR,KMIALLSHR",28.56,29.99,31.42,26.49,27.03,-1.53,-5.36%,248442
GAL,801,"ALLSHR,KMI30,KMIALLSHR,KSE100,KSE100PR,KSE30",363.85,362.99,362.99,340.0,343.2,-20.65,-5.67%,235540
ISL,808,"ACI,ALLSHR,KMIALLSHR,KSE100,KSE100PR",76.0,75.5,76.5,72.56,73.04,-2.96,-3.89%,232525
BFAGRO,810,"ALLSHR,KMIALLSHR",33.78,34.0,34.0,33.0,33.06,-0.72,-2.13%,231683
AKDSL,813,ALLSHR,33.51,33.4,33.4,31.5,31.89,-1.62,-4.83%,227877
BFMOD,819,"ALLSHR,KMIALLSHR",17.74,18.1,18.58,15.98,16.02,-1.72,-9.70%,227508
ALAC,812,ALLSHR,12.37,12.4,12.4,12.0,12.03,-0.34,-2.75%,225612
DFSM,830,ALLSHR,6.33,6.4,6.4,5.8,5.81,-0.52,-8.21%,224050
SPEL,822,"ALLSHR,KMIALLSHR",36.94,36.55,36.99,35.2,35.45,-1.49,-4.03%,219361
GGGL,811,"ALLSHR,KMIALLSHR",8.01,8.0,8.0,7.5,7.63,-0.38,-4.74%,218650
SNBL,807,ALLSHR,19.73,19.8,19.85,18.92,19.05,-0.68,-3.45%,215243
FDPL,813,ALLSHR,4.34,4.4,4.4,4.02,4.03,-0.31,-7.14%,210040
EPQL,824,"ALLSHR,KMIALLSHR",24.8,24.8,24.85,24.6,24.62,-0.18,-0.73%,202235
MSCL,808,"ALLSHR,KMIALLSHR",15.57,17.13,17.13,16.25,17.13,1.56,10.02%,200949
DOL,805,"ALLSHR,KMIALLSHR",28.17,28.2,28.2,27.72,27.83,-0.34,-1.21%,188837
PIOC,804,"ALLSHR,KMIALLSHR,KSE100,KSE100PR,MII30",237.63,236.95,238.0,224.2,227.07,-10.56,-4.44%,180604
GWLC,804,"ALLSHR,KMIALLSHR",44.42,44.97,44.97,41.8,42.12,-2.3,-5.18%,164980
FTSM,819,"ALLSHR,KMIALLSHR",28.11,30.9,30.9,25.3,26.32,-1.79,-6.37%,159081
ALTN,824,ALLSHR,8.77,8.65,8.9,8.4,8.43,-0.34,-3.88%,155097
POL,820,"ALLSHR,JSMFI,KSE100,KSE100PR,KSE30,PSXDIV20",640.28,639.99,642.0,628.0,630.88,-9.4,-1.47%,151206
KTML,829,"ALLSHR,KMIALLSHR,KSE100,KSE100PR",46.49,46.5,47.33,43.55,44.79,-1.7,-3.66%,149037
SGF,816,"ALLSHR,KMIALLSHR",89.97,88.11,88.95,86.01,86.56,-3.41,-3.79%,146646
FLYNG,804,"ALLSHR,KMIALLSHR",44.52,44.75,44.75,42.11,42.51,-2.01,-4.52%,144355
CTM,830,ALLSHR,6.42,6.28,6.6,6.07,6.09,-0.33,-5.14%,139497
BGL,811,ALLSHR,9.69,9.65,9.89,9.11,9.26,-0.43,-4.44%,139379
CHBL,829,ALLSHR,8.27,8.12,8.44,8.0,8.04,-0.23,-2.78%,137395
INIL,808,"ACI,ALLSHR,KMIALLSHR,KSE100,KSE100PR",147.59,147.59,152.99,147.0,147.87,0.28,0.19%,137388
CEPB,822,"ALLSHR,KMIALLSHR",29.04,29.05,29.05,27.5,27.57,-1.47,-5.06%,136589
IMAGE,827,"ALLSHR,KMIALLSHR,PSXDIV20",21.43,21.43,21.43,20.81,20.89,-0.54,-2.52%,136446
LIVEN,823,"ALLSHR,KMIALLSHR",35.0,34.5,34.75,33.54,33.77,-1.23,-3.51%,134561
PQGTL,812,"ALLSHR,KMIALLSHR",11.65,11.65,11.65,11.29,11.3,-0.35,-3.00%,129429
QTECH,828,ALLSHR,36.98,36.98,36.98,33.99,34.34,-2.64,-7.14%,126607
RPL,822,"ALLSHR,KMIALLSHR",14.04,14.04,14.04,13.4,13.53,-0.51,-3.63%,123498
OLPM,819,"ALLSHR,KMIALLSHR",22.0,22.0,22.08,21.9,22.0,0.0,0.00%,119970
KOIL,829,ALLSHR,61.56,62.49,64.5,61.5,63.62,2.06,3.35%,116337
HTL,821,"ALLSHR,KMIALLSHR",36.38,36.33,36.33,35.0,35.04,-1.34,-3.68%,114667
TGL,811,"ALLSHR,KMIALLSHR,KSE100,KSE100PR",139.73,140.0,140.0,137.0,137.24,-2.49,-1.78%,112571
FPJM,819,"ALLSHR,KMIALLSHR",6.02,6.17,6.2,5.81,5.98,-0.04,-0.66%,108822
NATF,810,"ACI,ALLSHR,KMIALLSHR,KSE100,KSE100PR,MII30,PSXDIV20",355.53,357.11,362.0,344.0,344.9,-10.63,-2.99%,108640
FECTC,804,"ALLSHR,KMIALLSHR",90.2,87.01,91.8,85.9,86.31,-3.89,-4.31%,107668
UCAPM,819,"ALLSHR,KMIALLSHR",4.8,4.81,4.82,4.3,4.36,-0.44,-9.17%,102809
TPLRF1,836,"ALLSHR,KMIALLSHR,KSE100,KSE100PR",8.78,8.77,8.77,8.14,8.2,-0.58,-6.61%,97796
PTL,802,"ALLSHR,KMIALLSHR",53.9,54.0,54.9,51.0,51.22,-2.68,-4.97%,94550
SRR,836,"ALLSHR,KMIALLSHR",16.46,16.21,16.44,16.21,16.22,-0.24,-1.46%,94003
NCL,829,ALLSHR,34.75,34.5,34.99,32.12,33.7,-1.05,-3.02%,93903
HCAR,801,"ALLSHR,KMIALLSHR,KSE100,KSE100PR",167.93,167.0,168.98,163.52,164.19,-3.74,-2.23%,89118
BIFO,805,"ALLSHR,KMIALLSHR",97.97,98.5,98.5,94.0,94.85,-3.12,-3.19%,88685
MERIT,822,"ALLSHR,KMIALLSHR",8.13,8.2,8.2,8.0,8.06,-0.07,-0.86%,87831
IPAKXB,822,"ALLSHR,KMIALLSHR",25.99,25.5,25.5,25.0,25.07,-0.92,-3.54%,86708
GLPL,810,"ALLSHR,KMIALLSHR",700.0,700.0,700.89,700.0,700.0,0.0,0.00%,85980
HALEON,823,"ALLSHR,KMIALLSHR,KSE100,KSE100PR",740.1,749.0,749.0,709.0,714.0,-26.1,-3.53%,85448
SGPL,824,"ALLSHR,KMIALLSHR",14.65,14.8,14.8,14.11,14.33,-0.32,-2.18%,83640
GHGL,811,"ALLSHR,KMIALLSHR,KSE100,KSE100PR",31.98,31.35,32.0,30.8,31.07,-0.91,-2.85%,83208
CPPL,822,"ALLSHR,KMIALLSHR",73.31,73.31,73.31,67.15,71.21,-2.1,-2.86%,82160
DEL,813,ALLSHR,16.56,18.22,18.22,18.22,18.22,1.66,10.02%,81768
GTYR,802,"ALLSHR,KMIALLSHR",25.37,25.72,25.72,24.45,24.51,-0.86,-3.39%,81692
AGL,809,ALLSHR,51.23,51.18,51.75,50.15,51.16,-0.07,-0.14%,81658
KSBP,808,"ALLSHR,KMIALLSHR",209.51,209.0,210.99,201.0,201.59,-7.92,-3.78%,79986
MSOT,829,ALLSHR,60.49,60.01,63.96,55.2,62.95,2.46,4.07%,79743
JSBL,807,ALLSHR,11.99,12.0,12.0,11.1,11.81,-0.18,-1.50%,78137
UBLPETF,837,,37.46,37.0,37.34,36.0,36.17,-1.29,-3.44%,75000
GSPM,830,ALLSHR,4.35,4.11,4.3,3.55,3.99,-0.36,-8.28%,73625
JUBS,829,ALLSHR,29.03,28.35,31.93,28.35,31.93,2.9,9.99%,69980
JATM,830,ALLSHR,23.56,25.92,25.92,21.2,22.0,-1.56,-6.62%,69219
DBCI,804,ALLSHR,5.41,5.41,5.6,5.32,5.54,0.13,2.40%,65542
ESBL,813,ALLSHR,12.81,13.35,13.39,11.8,12.3,-0.51,-3.98%,65164
FCEL,813,ALLSHR,4.9,5.1,5.1,4.52,4.8,-0.1,-2.04%,63571
GRR,836,ALLSHR,19.79,19.61,19.83,19.61,19.67,-0.12,-0.61%,63278
PAKQATAR,812,"ALLSHR,KMIALLSHR",18.12,18.12,18.2,17.79,18.01,-0.11,-0.61%,63212
ASC,810,ALLSHR,9.84,9.84,9.84,9.51,9.54,-0.3,-3.05%,61004
IBLHL,823,"ALLSHR,KMIALLSHR",44.24,44.8,44.8,42.51,42.55,-1.69,-3.82%,60346
IMS,813,ALLSHR,16.27,16.96,16.96,15.8,15.91,-0.36,-2.21%,60344
ABL,807,"ALLSHR,KSE100,KSE100PR",171.42,171.01,172.0,170.0,170.02,-1.4,-0.82%,59841
MTL,801,"ACI,ALLSHR,KMI30,KMIALLSHR,KSE100,KSE100PR,MII30,PSXDIV20",497.0,498.0,498.0,491.77,493.08,-3.92,-0.79%,59816
KOHP,824,ALLSHR,23.52,23.0,23.4,21.5,22.15,-1.37,-5.82%,59664
CLCPS,829,ALLSHR,2.8,2.99,2.99,2.7,2.87,0.07,2.50%,58057
HIFA,806,ALLSHR,4.7,4.7,4.8,4.65,4.65,-0.05,-1.06%,57273
GATI,827,"ALLSHR,KMIALLSHR",75.52,75.52,78.25,75.0,75.83,0.31,0.41%,54961
GFIL,829,"ALLSHR,KMIALLSHR",19.21,19.19,21.1,18.3,20.86,1.65,8.59%,54869
ECOP,818,"ALLSHR,KMIALLSHR",38.17,38.17,38.17,36.8,37.45,-0.72,-1.89%,54762
AHL,813,ALLSHR,88.97,88.5,88.5,84.6,84.99,-3.98,-4.47%,54675
HIRAT,830,ALLSHR,3.45,3.32,3.42,3.31,3.35,-0.1,-2.90%,52968
DNCC,804,"ALLSHR,KMIALLSHR",17.43,17.2,17.95,16.7,16.88,-0.55,-3.15%,52102
NICL,805,ALLSHR,152.09,153.0,153.0,148.0,149.99,-2.1,-1.38%,50460
MFL,810,"ALLSHR,KMIALLSHR",51.13,51.13,51.5,49.5,49.59,-1.54,-3.01%,48572
BCL,808,"ALLSHR,KMIALLSHR",59.52,60.0,61.35,58.04,58.71,-0.81,-1.36%,44857
STYLERS,829,"ALLSHR,KMIALLSHR",47.13,47.13,48.5,45.0,46.85,-0.28,-0.59%,42885
JSGBETF,837,,35.29,34.5,35.4,34.4,34.54,-0.75,-2.12%,39500
GUSM,830,ALLSHR,6.33,6.35,7.33,5.67,6.31,-0.02,-0.32%,39453
SCBPL,807,"ALLSHR,KSE100,KSE100PR",64.17,64.98,64.98,63.0,63.01,-1.16,-1.81%,39192
PGLC,815,"ALLSHR,KSE100,KSE100PR",13.64,14.65,14.65,12.36,12.71,-0.93,-6.82%,38938
EMCO,803,"ALLSHR,KMIALLSHR",39.6,38.2,39.5,37.0,37.09,-2.51,-6.34%,38524
THALL,802,"ALLSHR,KSE100,KSE100PR",619.41,620.0,620.0,577.76,610.02,-9.39,-1.52%,37529
TSMF,806,ALLSHR,13.23,13.69,14.55,13.6,13.67,0.44,3.33%,36203
JSML,826,"ALLSHR,KMIALLSHR",65.71,63.1,69.5,63.1,68.65,2.94,4.47%,36019
TATM,830,"ALLSHR,KMIALLSHR",95.57,95.0,95.0,90.11,90.63,-4.94,-5.17%,35138
PASM,829,ALLSHR,5.65,6.48,6.64,5.51,6.31,0.66,11.68%,33924
PINL,812,ALLSHR,7.81,8.0,8.3,7.65,7.74,-0.07,-0.90%,32229
JLICL,812,ALLSHR,156.35,153.42,157.25,153.0,156.06,-0.29,-0.18%,31077
ICCI,831,"ALLSHR,KMIALLSHR",11.4,11.29,12.54,11.29,11.85,0.45,3.95%,30737
PCAL,803,ALLSHR,153.98,156.49,156.49,148.0,148.53,-5.45,-3.54%,30656
PICT,833,ALLSHR,30.94,29.8,31.4,29.7,29.94,-1.0,-3.23%,30647
HWQS,826,ALLSHR,18.72,18.72,20.59,17.95,19.52,0.8,4.27%,30180
SSOM,834,"ALLSHR,KMIALLSHR,KSE100,KSE100PR",469.6,470.0,476.0,454.0,455.63,-13.97,-2.97%,29934
LCI,805,"ALLSHR,KMIALLSHR,KSE100,KSE100PR,MII30",230.26,229.99,233.99,226.21,229.76,-0.5,-0.22%,29834
KML,829,"ALLSHR,KMIALLSHR",8.69,8.5,8.5,8.3,8.31,-0.38,-4.37%,28738
CHAS,826,ALLSHR,69.81,68.01,76.79,68.01,76.21,6.4,9.17%,28300
MWMP,818,"ALLSHR,KMIALLSHR",55.03,55.5,57.7,54.3,54.63,-0.4,-0.73%,27872
UNICXB,812,ALLSHR,13.43,14.0,14.0,13.02,13.03,-0.4,-2.98%,27465
FEROZ,823,"ALLSHR,KMIALLSHR",338.93,342.98,342.98,325.0,330.57,-8.36,-2.47%,26836
PPVC,805,ALLSHR,14.01,13.2,15.38,12.79,12.95,-1.06,-7.57%,26738
ACPL,804,"ALLSHR,KMIALLSHR",272.44,276.9,276.9,267.0,267.88,-4.56,-1.67%,25881
IML,813,ALLSHR,27.49,25.5,26.45,24.8,25.1,-2.39,-8.69%,25665
DWTM,830,ALLSHR,8.11,8.0,8.1,7.55,8.0,-0.11,-1.36%,25538
LPL,824,ALLSHR,19.01,19.49,19.49,18.75,18.85,-0.16,-0.84%,25170
JSIL,813,ALLSHR,36.49,37.25,37.25,35.11,35.11,-1.38,-3.78%,25100
FML,829,"ALLSHR,KMIALLSHR",38.47,37.36,38.98,37.2,37.46,-1.01,-2.62%,24494
DWSM,826,ALLSHR,5.38,5.55,5.55,5.17,5.19,-0.19,-3.53%,23763
HABSM,826,"ALLSHR,KMIALLSHR",67.65,66.91,67.97,66.75,67.0,-0.65,-0.96%,23225
BNWM,835,"ALLSHR,KMIALLSHR,KSE100,KSE100PR",57.75,57.99,63.3,54.0,60.86,3.11,5.39%,22661
ATIL,812,ALLSHR,75.65,75.6,75.6,74.02,74.68,-0.97,-1.28%,22642
MQTM,830,"ALLSHR,KMIALLSHR",23.49,22.37,23.0,21.14,21.14,-2.35,-10.00%,22568
NBPGETF,837,,29.16,28.62,30.74,28.37,28.78,-0.38,-1.30%,21500
HBLTETF,837,,110.4,110.22,110.32,110.22,110.32,-0.08,-0.07%,21000
CLVL,833,ALLSHR,13.22,13.99,13.99,12.4,12.69,-0.53,-4.01%,20974
ICL,805,"ALLSHR,KMIALLSHR",119.45,119.0,119.9,116.12,117.15,-2.3,-1.92%,20266
AGIC,812,ALLSHR,35.12,35.0,35.01,34.62,34.65,-0.47,-1.34%,20190
IGIHL,812,ALLSHR,206.36,208.0,208.5,200.0,201.27,-5.09,-2.47%,19692
BWCL,804,"ALLSHR,KSE100,KSE100PR",452.89,452.0,452.3,445.0,445.82,-7.07,-1.56%,19616
HGFA,806,"ALLSHR,KSE100,KSE100PR",15.02,15.15,15.15,14.5,14.51,-0.51,-3.39%,19123
UDLI,818,"ALLSHR,KMIALLSHR",16.85,17.16,17.9,16.02,16.27,-0.58,-3.44%,19122
SEPL,822,ALLSHR,138.09,139.9,139.9,133.06,134.45,-3.64,-2.64%,18971
ARUJ,829,ALLSHR,8.87,8.87,9.3,8.4,8.51,-0.36,-4.06%,18907
OLPL,813,ALLSHR,47.76,48.47,48.47,48.0,48.15,0.39,0.82%,18602
SINDM,819,"ALLSHR,KMIALLSHR",19.67,19.54,19.9,19.53,19.64,-0.03,-0.15%,17865
IDYM,830,ALLSHR,99.28,99.0,102.45,98.0,98.63,-0.65,-0.65%,17785
FCIBL,813,ALLSHR,27.5,30.1,30.25,28.0,30.16,2.66,9.67%,17546
WAFI,821,"ALLSHR,KMIALLSHR",180.45,180.6,180.6,178.0,179.2,-1.25,-0.69%,16503
FHAM,819,"ALLSHR,KMIALLSHR,KSE100,KSE100PR",30.1,30.99,31.0,29.0,29.16,-0.94,-3.12%,16326
PNSC,833,ALLSHR,457.39,459.99,459.99,436.01,436.14,-21.25,-4.65%,15905
KOHE,824,"ALLSHR,KMIALLSHR",14.09,14.09,14.19,13.93,14.05,-0.04,-0.28%,15608
NITGETF,837,,34.92,35.0,35.01,33.81,34.84,-0.08,-0.23%,15500
TPLI,812,ALLSHR,23.22,24.8,24.8,23.06,23.49,0.27,1.16%,15315
FPRM,819,"ALLSHR,KMIALLSHR",11.41,11.5,12.41,11.5,11.94,0.53,4.65%,15312
PKGI,812,ALLSHR,32.86,33.1,33.1,31.0,31.06,-1.8,-5.48%,14845
MRNS,826,ALLSHR,58.52,58.5,59.35,57.13,58.44,-0.08,-0.14%,14821
SEL,824,"ALLSHR,KMIALLSHR",24.78,25.49,25.49,22.3,24.32,-0.46,-1.86%,14810
NCML,830,ALLSHR,14.63,15.25,16.09,15.2,16.0,1.37,9.36%,14752
ORM,819,"ALLSHR,KMIALLSHR",10.05,10.0,10.2,9.95,9.95,-0.1,-1.00%,14660
MIRKS,826,ALLSHR,25.26,25.65,25.88,24.65,24.68,-0.58,-2.30%,14531
DYNO,805,"ALLSHR,KMIALLSHR",276.29,270.09,272.5,267.5,269.69,-6.6,-2.39%,14440
ABOT,823,"ALLSHR,KMIALLSHR,KSE100,KSE100PR,MII30",938.95,948.0,948.0,920.0,924.46,-14.49,-1.54%,13679
HINOON,823,"ALLSHR,KMIALLSHR,KSE100,KSE100PR,MII30",895.36,895.01,910.0,866.0,867.95,-27.41,-3.06%,13448
APL,821,"ALLSHR,KMIALLSHR,KSE100,KSE100PR",538.13,539.0,539.0,520.0,526.42,-11.71,-2.18%,13116
JDMT,830,"ALLSHR,KMIALLSHR",67.0,69.7,70.99,66.66,69.44,2.44,3.64%,12865
SKRS,826,ALLSHR,21.61,20.07,21.59,20.07,20.94,-0.67,-3.10%,12037
AGIL,802,"ALLSHR,KMIALLSHR",136.98,137.0,137.0,131.0,134.72,-2.26,-1.65%,11925
TRIPF,818,ALLSHR,121.24,120.87,120.87,116.0,116.05,-5.19,-4.28%,11506
KHTC,832,ALLSHR,290.09,299.0,299.0,287.0,289.97,-0.12,-0.04%,11104
ATLH,801,"ALLSHR,KSE100,KSE100PR",1479.31,1480.0,1483.0,1466.0,1470.05,-9.26,-0.63%,11016
ACIETF,837,,15.78,15.37,15.58,15.37,15.58,-0.2,-1.27%,11000
SHDT,830,"ALLSHR,KMIALLSHR",43.07,43.0,43.5,41.6,41.77,-1.3,-3.02%,10816
JGICL,812,ALLSHR,66.85,69.8,69.8,63.5,64.46,-2.39,-3.57%,10249
BAPL,805,ALLSHR,43.6,43.6,45.0,42.15,42.9,-0.7,-1.61%,10216
FZCM,829,"ALLSHR,KMIALLSHR",207.45,204.01,211.11,204.01,207.45,0.0,0.00%,10057
GAMON,818,ALLSHR,14.92,15.48,15.48,14.95,15.0,0.08,0.54%,9969
BELA,802,ALLSHR,84.02,84.5,89.0,78.0,82.19,-1.83,-2.18%,9581
TSPL,824,ALLSHR,9.0,9.1,9.1,8.22,8.45,-0.55,-6.11%,9104
GEMPACRA,818,"ALLSHR,KMIALLSHR",28.01,30.79,30.81,30.7,30.8,2.79,9.96%,9000
INDU,801,"ALLSHR,KSE100,KSE100PR",1838.04,1835.0,1846.0,1780.63,1794.02,-44.02,-2.39%,8803
IBFL,827,"ALLSHR,KMIALLSHR,KSE100,KSE100PR",233.01,216.0,229.99,209.71,209.79,-23.22,-9.96%,8781
UBDL,818,"ALLSHR,KMIALLSHR",23.01,23.8,23.8,22.14,22.5,-0.51,-2.22%,8760
MACTER,823,"ALLSHR,KMIALLSHR",296.01,296.71,298.95,291.0,291.62,-4.39,-1.48%,8682
OTSU,823,ALLSHR,320.01,311.75,315.0,306.35,310.0,-10.01,-3.13%,8664
PAKT,832,"ALLSHR,KSE100,KSE100PR",1314.61,1319.0,1325.0,1290.0,1297.38,-17.23,-1.31%,8661
IGIL,812,ALLSHR,20.96,21.3,22.39,21.3,21.88,0.92,4.39%,8614
PAKD,828,"ALLSHR,KMIALLSHR",115.96,115.96,118.9,112.0,113.37,-2.59,-2.23%,8365
SSML,830,ALLSHR,22.72,20.64,22.5,20.45,20.7,-2.02,-8.89%,8197
SPL,805,ALLSHR,36.1,34.77,37.0,34.77,36.59,0.49,1.36%,8181
BWHL,802,"ALLSHR,KMIALLSHR",176.98,175.01,177.99,174.0,175.73,-1.25,-0.71%,7857
PECO,808,ALLSHR,538.56,538.56,550.0,538.56,538.56,0.0,0.00%,7043
DLL,813,ALLSHR,569.13,574.0,574.0,559.0,561.26,-7.87,-1.38%,7026
QUET,829,ALLSHR,18.49,18.0,18.5,17.01,18.37,-0.12,-0.65%,7004
AMBL,813,ALLSHR,23.53,23.54,23.99,22.6,23.6,0.07,0.30%,6799
UDPL,818,"ALLSHR,KMIALLSHR",115.99,116.99,116.99,110.01,111.24,-4.75,-4.09%,6757
BPL,821,"ALLSHR,KMIALLSHR",23.85,23.85,24.46,23.85,23.86,0.01,0.04%,6754
STCL,811,"ALLSHR,KMIALLSHR",10.7,10.7,10.7,10.22,10.28,-0.42,-3.92%,6659
INKL,829,ALLSHR,81.32,73.21,86.0,73.19,77.56,-3.76,-4.62%,6623
KOHTM,830,"ALLSHR,KMIALLSHR",48.55,49.7,49.7,46.03,48.58,0.03,0.06%,6551
COLG,810,"ALLSHR,KSE100,KSE100PR",1074.08,1079.0,1079.0,1050.55,1063.83,-10.25,-0.95%,6530
PIM,819,"ALLSHR,KMIALLSHR",24.78,25.19,25.19,22.3,22.3,-2.48,-10.01%,6510
EPCLPS,805,ALLSHR,12.1,12.2,12.25,12.2,12.25,0.15,1.24%,6505
PIL,812,ALLSHR,3.9,3.9,3.99,3.74,3.87,-0.03,-0.77%,6386
IDRT,830,"ALLSHR,KMIALLSHR",23.83,24.0,26.2,22.5,25.75,1.92,8.06%,6364
BUXL,805,"ALLSHR,KMIALLSHR",157.18,161.0,172.0,153.02,157.18,0.0,0.00%,6237
FFLM,819,"ALLSHR,KMIALLSHR",7.0,7.4,7.4,6.51,7.0,0.0,0.00%,6217
FEM,819,"ALLSHR,KMIALLSHR",8.5,8.6,8.6,8.2,8.41,-0.09,-1.06%,6019
ADMM,829,ALLSHR,48.0,48.89,48.89,46.0,46.12,-1.88,-3.92%,6006
HINO,801,"ALLSHR,KMIALLSHR",311.79,317.0,317.0,300.0,300.0,-11.79,-3.78%,5974
SMCPL,804,"ALLSHR,KMIALLSHR",39.02,40.95,40.95,37.6,40.77,1.75,4.49%,5945
ATBA,802,"ALLSHR,KMIALLSHR",195.86,192.61,197.49,192.0,193.27,-2.59,-1.32%,5897
WAHN,805,"ALLSHR,KMIALLSHR",260.44,259.01,262.0,245.0,259.72,-0.72,-0.28%,5814
BERG,805,"ALLSHR,KMIALLSHR",90.16,90.0,90.1,86.66,87.97,-2.19,-2.43%,5580
SUTM,830,ALLSHR,95.55,87.03,97.95,87.03,97.75,2.2,2.30%,5513
HICL,812,ALLSHR,11.64,10.8,11.98,10.8,11.59,-0.05,-0.43%,5510
HAEL,829,"ALLSHR,KMIALLSHR",18.32,16.8,19.8,16.8,18.26,-0.06,-0.33%,5331
RICL,812,ALLSHR,16.0,15.0,16.24,15.0,15.9,-0.1,-0.62%,5232
ARPL,805,"ALLSHR,KMIALLSHR",349.79,349.83,349.96,337.0,338.49,-11.3,-3.23%,4982
NEXT,813,ALLSHR,12.24,12.75,12.75,11.75,11.96,-0.28,-2.29%,4910
EXIDE,802,"ALLSHR,KMIALLSHR",446.51,449.9,450.0,428.0,436.45,-10.06,-2.25%,4763
FTMM,819,"ALLSHR,KMIALLSHR",12.47,12.03,12.5,12.01,12.5,0.03,0.24%,4736
AGTL,801,"ALLSHR,KMIALLSHR",321.09,324.99,325.99,321.0,321.07,-0.02,-0.01%,4670
SAIF,830,"ALLSHR,KMIALLSHR",25.88,26.0,26.0,25.0,25.0,-0.88,-3.40%,4594
TOWL,829,"ALLSHR,KMIALLSHR",114.5,113.51,115.0,111.12,111.51,-2.99,-2.61%,4524
PKGS,822,"ALLSHR,KMIALLSHR,KSE100,KSE100PR",690.51,690.0,749.48,670.0,709.12,18.61,2.70%,4310
SRVI,816,"ALLSHR,KSE100,KSE100PR",1470.74,1475.0,1500.0,1390.0,1395.58,-75.16,-5.11%,4214
CENI,812,ALLSHR,59.62,60.5,60.5,58.0,58.02,-1.6,-2.68%,4137
ASTM,830,ALLSHR,14.53,14.5,14.8,14.1,14.1,-0.43,-2.96%,3814
EFUG,812,ALLSHR,120.02,124.4,124.4,118.0,118.21,-1.81,-1.51%,3691
RUBY,830,ALLSHR,12.22,11.14,13.2,11.1,11.53,-0.69,-5.65%,3598
KPUS,826,"ALLSHR,KMIALLSHR",152.37,167.61,167.61,167.61,167.61,15.24,10.00%,3595
MUREB,810,"ALLSHR,KSE100,KSE100PR",869.01,851.02,884.74,840.0,840.02,-28.99,-3.34%,3544
FASM,829,ALLSHR,366.53,395.0,395.0,340.0,364.0,-2.53,-0.69%,3523
LEUL,816,"ALLSHR,KMIALLSHR",31.43,28.51,31.95,28.51,28.52,-2.91,-9.26%,3412
MFFL,810,"ALLSHR,KMIALLSHR",166.4,166.45,166.45,161.01,161.93,-4.47,-2.69%,3196
SHNI,812,ALLSHR,9.0,9.8,9.8,8.81,9.5,0.5,5.56%,3025
ADAMS,826,"ALLSHR,KMIALLSHR",77.78,74.8,77.75,74.2,77.78,0.0,0.00%,3023
OML,818,"ALLSHR,KMIALLSHR",29.07,30.0,31.94,30.0,31.8,2.73,9.39%,2907
SZTM,830,"ALLSHR,KMIALLSHR",45.88,49.99,49.99,45.0,49.62,3.74,8.15%,2668
PKGP,824,"ALLSHR,KSE100,KSE100PR",47.29,48.0,49.0,46.0,46.21,-1.08,-2.28%,2664
MFFLR1,810,ALLSHR,3.01,4.01,4.01,4.01,4.01,1.0,33.22%,2515
DADX,808,"ALLSHR,KMIALLSHR",52.1,54.5,54.54,54.5,54.53,2.43,4.66%,2502
SML,826,ALLSHR,134.41,128.7,140.0,125.01,136.73,2.32,1.73%,2492
SHEZ,810,"ALLSHR,KMIALLSHR",231.17,231.17,233.9,216.55,221.37,-9.8,-4.24%,2401
EFUL,812,ALLSHR,145.09,149.01,149.01,142.5,143.48,-1.61,-1.11%,2361
NONS,826,ALLSHR,78.01,77.26,79.58,76.11,76.11,-1.9,-2.44%,2286
SHFA,818,"ALLSHR,KMIALLSHR,KSE100,KSE100PR",470.98,470.98,470.98,451.51,466.24,-4.74,-1.01%,2088
CCM,830,"ALLSHR,KMIALLSHR",40.0,42.99,42.99,36.21,36.44,-3.56,-8.90%,1814
SARC,805,"ALLSHR,KMIALLSHR",69.54,72.0,72.0,65.0,69.27,-0.27,-0.39%,1687
PAKOXY,805,"ALLSHR,KMIALLSHR",256.31,255.0,260.0,248.0,249.5,-6.81,-2.66%,1670
DWAE,802,ALLSHR,19.71,20.99,20.99,18.14,19.55,-0.16,-0.81%,1654
ANSM,826,ALLSHR,9.92,9.92,10.0,9.6,9.92,0.0,0.00%,1633
SURC,829,"ALLSHR,KMIALLSHR",106.11,107.0,107.0,100.0,100.12,-5.99,-5.64%,1260
ELSM,830,"ALLSHR,KMIALLSHR",108.0,108.0,112.0,105.5,105.5,-2.5,-2.31%,1185
SIEM,803,"ALLSHR,KMIALLSHR",1516.04,1516.25,1534.99,1516.25,1526.78,10.74,0.71%,1166
BOK,807,ALLSHR,33.86,33.0,33.84,32.51,32.68,-1.18,-3.48%,1145
ARPAK,818,ALLSHR,53.75,52.0,52.0,51.0,51.17,-2.58,-4.80%,1100
UVIC,812,ALLSHR,22.47,22.3,22.3,21.0,21.0,-1.47,-6.54%,1048
GEMMEL,824,"ALLSHR,KMIALLSHR",26.24,24.0,24.0,24.0,24.0,-2.24,-8.54%,985
ZIL,810,"ALLSHR,KMIALLSHR",363.9,378.95,378.95,331.03,341.03,-22.87,-6.28%,955
GRYL,815,ALLSHR,20.03,20.49,22.0,19.51,21.41,1.38,6.89%,955
HPL,823,"ALLSHR,KMIALLSHR",4251.33,4251.1,4251.1,3960.0,4216.81,-34.52,-0.81%,864
LPGL,805,"ALLSHR,KMIALLSHR",75.1,74.99,75.0,72.31,74.12,-0.98,-1.31%,852
REDCO,829,"ALLSHR,KMIALLSHR",26.06,26.0,26.0,23.6,24.22,-1.84,-7.06%,845
BTL,829,"ALLSHR,KMIALLSHR",850.99,850.89,850.89,809.32,809.32,-41.67,-4.90%,839
ALIFE,812,ALLSHR,35.0,31.8,38.5,31.8,38.1,3.1,8.86%,810
AATM,830,ALLSHR,35.71,37.69,37.69,34.59,36.4,0.69,1.93%,807
FECM,819,"ALLSHR,KMIALLSHR",16.65,17.2,17.2,15.5,16.65,0.0,0.00%,797
BATA,816,"ALLSHR,KMIALLSHR",1022.99,1030.0,1034.99,1000.0,1000.74,-22.25,-2.17%,786
SHCM,830,"ALLSHR,KMIALLSHR",38.68,39.3,39.3,35.05,35.12,-3.56,-9.20%,763
JKSM,830,"ALLSHR,KMIALLSHR",178.17,188.89,188.89,167.01,172.21,-5.96,-3.34%,761
MUGHALC,808,ALLSHR,46.12,48.0,50.46,48.0,50.2,4.08,8.85%,750
ASHT,831,"ALLSHR,KMIALLSHR",16.2,17.79,17.82,15.1,16.72,0.52,3.21%,662
MCBIM,813,ALLSHR,188.68,194.97,194.97,182.0,182.01,-6.67,-3.53%,656
PSYL,827,"ALLSHR,KMIALLSHR",60.0,63.0,64.0,60.01,63.65,3.65,6.08%,652
PMRS,826,ALLSHR,404.33,410.01,425.0,404.33,407.93,3.6,0.89%,623
HUSI,838,ALLSHR,27.98,29.0,29.7,29.0,29.11,1.13,4.04%,592
ELCM,830,"ALLSHR,KMIALLSHR",157.48,158.0,158.0,151.02,151.98,-5.5,-3.49%,511
POWERPS,804,ALLSHR,17.66,19.43,19.43,19.43,19.43,1.77,10.02%,505
NESTLE,810,"ALLSHR,KMIALLSHR,KSE100,KSE100PR",7700.0,7725.0,7799.95,7650.0,7748.0,48.0,0.62%,484
AHTM,829,"ALLSHR,KMIALLSHR",67.42,71.99,74.16,69.0,72.29,4.87,7.22%,472
GADT,830,"ALLSHR,KSE100,KSE100PR",274.29,280.0,280.0,256.03,260.68,-13.61,-4.96%,459
CJPL,814,ALLSHR,12.97,12.62,12.85,12.27,12.97,0.0,0.00%,449
POML,834,"ALLSHR,KMIALLSHR",125.0,131.5,131.5,117.05,124.41,-0.59,-0.47%,410
NAGC,830,ALLSHR,57.25,55.0,55.0,55.0,57.25,0.0,0.00%,400
ZAHID,829,"ALLSHR,KMIALLSHR",40.22,40.21,40.21,38.1,40.22,0.0,0.00%,344
JDWS,826,"ALLSHR,KMIALLSHR,KSE100,KSE100PR",866.06,840.12,875.0,840.01,863.74,-2.32,-0.27%,329
CFL,830,"ALLSHR,KMIALLSHR",51.07,46.21,54.0,46.2,51.07,0.0,0.00%,328
SIBL,813,ALLSHR,7.76,7.76,7.99,6.88,7.76,0.0,0.00%,318
SANSM,826,"ALLSHR,KMIALLSHR",105.28,98.0,105.0,98.0,105.28,0.0,0.00%,316
REWM,829,"ALLSHR,KMIALLSHR",179.67,180.0,190.0,178.87,190.0,10.33,5.75%,314
ANLNV,829,ALLSHR,7.52,6.52,7.98,6.52,7.52,0.0,0.00%,300
JSGCL,813,ALLSHR,140.03,142.0,142.0,142.0,142.0,1.97,1.41%,300
TICL,826,"ALLSHR,KMIALLSHR",627.97,684.94,684.94,650.01,669.96,41.99,6.69%,287
PPP,822,"ALLSHR,KMIALLSHR",104.33,104.35,104.5,102.0,104.33,0.0,0.00%,269
JVDCPS,838,ALLSHR,60.58,63.75,63.75,54.52,60.58,0.0,0.00%,261
LSEFSL,813,ALLSHR,12.92,13.65,13.65,12.5,12.92,0.0,0.00%,254
ANTM,829,"ALLSHR,KMIALLSHR",25.15,26.9,26.9,23.0,25.15,0.0,0.00%,240
AKDHL,818,"ALLSHR,KMIALLSHR",148.76,156.0,156.0,146.0,150.58,1.82,1.22%,238
SASML,826,ALLSHR,222.6,225.0,230.0,200.35,210.25,-12.35,-5.55%,236
STL,828,"ALLSHR,KMIALLSHR",139.1,153.01,153.01,153.01,153.01,13.91,10.00%,221
DAAG,805,"ALLSHR,KMIALLSHR",62.49,62.49,62.49,58.25,62.49,0.0,0.00%,218
FRCL,811,"ALLSHR,KMIALLSHR",63.56,68.0,68.0,67.9,63.56,0.0,0.00%,200
RCML,830,"ALLSHR,KMIALLSHR",406.3,406.3,420.0,371.0,375.71,-30.59,-7.53%,162
SCL,810,"ALLSHR,KMIALLSHR",941.61,941.6,941.6,900.0,901.45,-40.16,-4.26%,151
PSEL,818,"ALLSHR,KMIALLSHR,KSE100,KSE100PR",847.03,847.06,864.9,832.59,839.43,-7.6,-0.90%,148
TPLL,812,ALLSHR,17.07,18.78,18.78,18.0,17.07,0.0,0.00%,148
NSRM,827,"ALLSHR,KMIALLSHR",131.9,143.99,143.99,132.0,131.9,0.0,0.00%,121
BRRG,838,"ALLSHR,KMIALLSHR",38.64,39.79,39.79,38.69,38.64,0.0,0.00%,110
ARCTM,830,"ALLSHR,KMIALLSHR",31.63,29.0,31.5,29.0,31.63,0.0,0.00%,109
BAFS,826,ALLSHR,208.99,208.99,224.9,188.9,208.99,0.0,0.00%,109
ZTL,831,"ALLSHR,KMIALLSHR",11.8,11.8,11.8,11.21,11.8,0.0,0.00%,100
SLYT,830,ALLSHR,12.5,11.65,11.65,11.65,12.5,0.0,0.00%,99
KHYT,829,"ALLSHR,KMIALLSHR",1321.0,1321.0,1400.0,1188.91,1250.21,-70.79,-5.36%,88
MEHT,829,"ALLSHR,KMIALLSHR,KSE100,KSE100PR",248.21,269.0,269.0,230.0,248.21,0.0,0.00%,87
AABS,826,"ALLSHR,KMIALLSHR",877.55,851.01,876.38,850.0,875.06,-2.49,-0.28%,83
RMPL,810,"ALLSHR,KMIALLSHR,KSE100,KSE100PR",8975.84,8910.22,8979.9,8900.1,8923.4,-52.44,-0.58%,77
SITC,805,"ALLSHR,KMIALLSHR",778.29,770.0,770.02,768.0,769.91,-8.38,-1.08%,75
FIL,816,ALLSHR,172.07,155.56,175.0,154.86,171.05,-1.02,-0.59%,66
FRSM,826,"ALLSHR,KMIALLSHR",45.61,47.19,47.19,46.0,45.61,0.0,0.00%,61
STML,829,"ALLSHR,KMIALLSHR",26.0,26.49,26.49,25.85,26.0,0.0,0.00%,61
RUPL,827,"ALLSHR,KMIALLSHR",31.63,29.01,30.99,29.01,31.63,0.0,0.00%,59
SHSML,826,"ALLSHR,KMIALLSHR",370.0,360.0,393.89,360.0,370.0,0.0,0.00%,59
KCL,811,"ALLSHR,KMIALLSHR",133.0,133.0,133.0,132.98,133.0,0.0,0.00%,50
GVGL,811,"ALLSHR,KMIALLSHR",51.99,52.0,52.0,51.9,51.99,0.0,0.00%,47
IDSM,830,"ALLSHR,KMIALLSHR",19.49,19.48,19.48,18.9,19.49,0.0,0.00%,44
HAFL,829,"ALLSHR,KMIALLSHR",448.59,485.0,493.45,450.0,448.59,0.0,0.00%,34
FIMM,819,"ALLSHR,KMIALLSHR",192.66,192.0,192.0,192.0,192.66,0.0,0.00%,30
DINT,830,"ALLSHR,KMIALLSHR",45.95,45.95,45.95,45.95,45.95,0.0,0.00%,18
DIIL,818,"ALLSHR,KMIALLSHR",60.16,60.16,60.16,56.0,60.16,0.0,0.00%,17
UPFL,810,"ALLSHR,KMIALLSHR,KSE100,KSE100PR",25002.33,24506.0,24999.0,24506.0,24993.0,-9.33,-0.04%,16
ASLCPS,808,ALLSHR,63.27,69.6,69.6,69.6,63.27,0.0,0.00%,13
STJT,831,"ALLSHR,KMIALLSHR",96.0,90.0,96.0,90.0,96.0,0.0,0.00%,12
SNAI,830,"ALLSHR,KMIALLSHR",35.97,36.47,36.47,33.01,35.97,0.0,0.00%,11
CASH,813,ALLSHR,50.3,49.0,49.0,49.0,50.3,0.0,0.00%,10
SUHJ,814,ALLSHR,85.69,85.69,85.69,85.69,85.69,0.0,0.00%,10
ASIC,812,ALLSHR,28.38,31.22,31.22,31.22,28.38,0.0,0.00%,9
SAPT,829,"ALLSHR,KMIALLSHR",1340.47,1265.0,1309.99,1265.0,1340.47,0.0,0.00%,8
DMC,830,"ALLSHR,KMIALLSHR",128.05,0.0,0.0,0.0,128.05,0.0,0.00%,7
TSML,826,ALLSHR,210.2,212.0,212.0,210.0,210.2,0.0,0.00%,6
AKGL,818,"ALLSHR,KMIALLSHR",55.55,0.0,0.0,0.0,55.55,0.0,0.00%,5
EWIC,812,ALLSHR,45.32,49.85,49.85,49.85,45.32,0.0,0.00%,5
SFL,829,ALLSHR,1077.9,1040.53,1040.53,1040.0,1077.9,0.0,0.00%,3
KSTM,830,ALLSHR,8.5,8.7,8.7,8.6,8.5,0.0,0.00%,2
ALNRS,826,"ALLSHR,KMIALLSHR",120.39,120.5,120.5,120.5,120.39,0.0,0.00%,1
PIAHCLB,813,ALLSHR,16204.78,16205.0,16205.0,16205.0,16204.78,0.0,0.00%,1
PRWM,831,ALLSHR,40.89,44.95,44.95,44.95,40.89,0.0,0.00%,1
